Type_of_Customer,Entering_Time,Number_1,Number_2,Number_3,Server1,Server2,Server3,Average_processing,Total_number,Waiting_Time
3,2.6,0,0,1,0,0,3,2.8,1,0.0
3,16.7,1,0,1,3,1,0,3.95,2,0.0
3,18.9,1,0,2,3,1,3,2.9666666669999997,3,0.0
3,34.3,0,2,1,2,2,3,3.95,3,0.0
3,49.2,1,1,0,2,1,0,3.7,2,3.4
3,52.3,2,1,0,1,1,2,3.583333333,3,3.0
3,60.0,1,0,1,1,3,0,3.742857143,2,0.0
3,62.9,1,0,2,1,3,3,4.375,3,0.0
3,64.9,1,0,2,1,3,3,5.6333333329999995,3,0.0
3,68.6,1,0,2,1,3,3,5.51,3,3.1
3,70.7,1,0,2,1,3,3,5.7090909089999995,3,5.4
3,80.8,0,0,2,0,3,3,5.416666667,2,0.0
3,82.9,0,0,3,3,3,3,5.376923077000001,3,0.0
3,83.1,0,0,3,3,3,3,5.1071428569999995,3,0.0
3,84.0,0,0,3,3,3,3,4.913333333,3,0.0
3,101.1,0,0,1,3,0,0,4.80625,1,0.0
3,108.1,0,0,1,3,0,0,4.988235294,1,0.0
3,115.0,0,0,2,3,0,3,4.772222222,2,0.0
3,117.6,1,0,1,1,0,3,4.852631579,2,0.0
3,121.1,0,1,2,3,2,3,4.675,3,0.0
3,122.7,0,1,1,0,2,3,4.7809523810000005,2,26.4
3,129.7,3,0,0,1,1,1,4.786363636,3,25.3
3,140.7,2,1,0,1,2,1,5.043478261000001,3,321.9
3,157.8,0,1,2,2,3,3,4.945833333,3,0.0
3,159.6,0,0,2,0,3,3,5.06,2,47.3
3,170.6,3,0,0,1,1,1,5.376923077000001,3,323.9
3,177.2,3,0,0,1,1,1,5.259259258999999,3,27.7
3,181.3,3,0,0,1,1,1,5.257142857,3,40.0
3,191.6,3,0,0,1,1,1,5.165517241,3,24.9
3,194.7,3,0,0,1,1,1,5.153333333,3,30.6
3,199.7,1,2,0,2,2,1,5.077419355,3,26.8
3,212.8,1,1,1,3,2,1,5.428125,3,295.0
3,214.5,1,1,1,3,2,1,5.303030303,3,4.6
3,230.5,1,0,1,1,0,3,5.2,2,0.0
3,239.0,3,0,0,1,1,1,5.111428571,3,74.6
3,249.0,3,0,0,1,1,1,5.0194444439999995,3,91.2
3,253.4,3,0,0,1,1,1,5.013513514,3,191.9
3,270.1,3,0,0,1,1,1,4.957894737,3,225.5
3,276.4,3,0,0,1,1,1,4.912820513,3,222.1
3,292.1,1,2,0,2,2,1,4.8775,3,210.2
3,307.4,1,2,0,1,2,2,4.907317073,3,235.3
3,309.0,2,1,0,1,1,2,4.945238095,3,238.4
3,317.6,3,0,0,1,1,1,4.925581395,3,188.2
3,321.1,3,0,0,1,1,1,4.970454545,3,227.7
3,321.3,3,0,0,1,1,1,4.9,3,58.2
3,327.1,3,0,0,1,1,1,4.815217391,3,21.6
3,329.6,2,1,0,2,1,1,5.031914894,3,223.9
3,331.5,2,1,0,2,1,1,4.997916667,3,192.6
3,337.3,2,1,0,2,1,1,5.114285714,3,216.6
3,340.2,2,0,1,3,1,1,5.048,3,161.5
3,355.6,2,1,0,1,1,2,4.968627451000001,3,147.9
3,356.0,2,1,0,1,1,2,5.1,3,199.7
3,367.7,2,1,0,1,1,2,5.026415094,3,142.2
3,376.9,2,1,0,1,1,2,5.248148148,3,302.6
3,378.4,2,1,0,1,1,2,5.198181818,3,159.1
3,383.4,2,1,0,1,2,1,5.139285714,3,140.7
3,385.2,2,1,0,1,2,1,5.1105263160000005,3,158.2
3,391.6,3,0,0,1,1,1,5.0465517239999995,3,173.0
3,400.6,2,1,0,2,1,1,4.984745763,3,165.4
3,423.6,0,3,0,2,2,2,4.948333333,3,143.8
3,426.3,0,3,0,2,2,2,5.013114754,3,143.9
3,432.2,0,3,0,2,2,2,5.04516129,3,219.6
3,437.7,0,3,0,2,2,2,5.088888889,3,216.2
3,441.1,0,3,0,2,2,2,5.221875,3,238.0
3,460.8,1,2,0,1,2,2,5.293846154,3,645.0
3,468.8,1,1,1,1,3,2,5.257575758,3,98.7
3,470.6,1,1,1,1,3,2,5.197014925,3,97.9
3,473.1,1,1,1,1,3,2,5.195588235,3,182.5
3,487.6,0,3,0,2,2,2,5.185507246,3,171.2
3,501.8,0,1,2,3,2,3,5.125714286,3,25.7
3,518.4,0,2,1,2,2,3,5.070422535,3,52.0
3,552.3,0,1,2,2,3,3,5.034722222,3,109.4
3,558.3,0,0,3,3,3,3,4.979452055,3,13.3
3,561.2,0,0,3,3,3,3,4.9391891889999995,3,87.8
3,563.4,0,0,3,3,3,3,4.944,3,108.3
3,567.8,0,0,3,3,3,3,4.913157895,3,128.7
3,583.3,3,0,0,1,1,1,4.935064935,3,143.1
3,586.5,3,0,0,1,1,1,4.9461538460000005,3,496.0
3,600.9,3,0,0,1,1,1,4.915189873,3,140.2
3,614.9,3,0,0,1,1,1,4.8975,3,388.2
3,631.1,1,2,0,1,2,2,4.892592593,3,476.1
3,644.7,0,3,0,2,2,2,4.869512195,3,273.0
3,657.1,0,0,3,3,3,3,4.836144578,3,86.5
3,668.4,1,2,0,1,2,2,4.81547619,3,468.8
3,676.4,1,1,1,1,3,2,4.797647059,3,485.3
3,684.4,1,0,2,3,1,3,4.777906977,3,479.5
3,695.0,2,0,1,1,1,3,4.764367816,3,499.4
3,704.6,3,0,0,1,1,1,4.8340909089999995,3,502.0
3,705.3,3,0,0,1,1,1,4.805617978,3,101.7
3,707.7,3,0,0,1,1,1,4.763333333,3,107.6
3,711.8,3,0,0,1,1,1,4.767032967,3,486.2
3,723.6,3,0,0,1,1,1,4.727173913000001,3,92.7
3,734.4,3,0,0,1,1,1,4.732258065,3,488.4
3,752.3,2,1,0,1,2,1,4.696808511,3,147.5
3,752.9,2,1,0,1,2,1,4.690526316000001,3,472.8
3,755.3,1,2,0,2,2,1,4.688541667,3,472.7
3,759.3,1,2,0,2,2,1,4.712371134,3,470.5
3,767.4,2,1,0,1,2,1,4.758163265,3,465.1
3,779.9,3,0,0,1,1,1,4.766666667,3,456.9
3,783.2,3,0,0,1,1,1,4.7410000000000005,3,144.5
3,783.2,3,0,0,1,1,1,4.712871287,3,176.4
3,795.5,2,1,0,1,1,2,4.6901960780000005,3,371.5
3,804.9,1,2,0,1,2,2,4.833980583,3,451.0
3,811.3,2,1,0,1,1,2,4.802884615,3,330.9
3,829.5,1,2,0,1,2,2,4.76952381,3,57.5
3,832.1,1,2,0,1,2,2,4.743396226000001,3,372.7
3,838.4,0,3,0,2,2,2,4.826168224,3,768.3
3,838.5,0,3,0,2,2,2,4.825925926,3,403.9
3,844.8,0,3,0,2,2,2,4.803669725,3,400.2
3,848.1,0,3,0,2,2,2,4.78,3,393.6
3,861.1,1,2,0,1,2,2,4.799099099,3,414.3
3,867.8,1,2,0,1,2,2,4.811607143,3,607.6
3,880.5,1,2,0,1,2,2,4.791150442,3,366.7
3,882.4,1,2,0,1,2,2,4.783333333,3,399.9
3,883.3,1,2,0,1,2,2,4.766086957,3,366.4
3,890.6,1,2,0,1,2,2,4.782758621,3,717.5
3,893.2,1,2,0,1,2,2,4.809401708999999,3,716.2
3,901.7,3,0,0,1,1,1,4.783050847,3,384.5
3,906.1,2,1,0,2,1,1,4.759663866,3,399.2
3,907.3,2,1,0,2,1,1,4.73,3,146.0
3,910.9,2,1,0,2,1,1,4.772727273,3,709.4
3,918.5,0,2,1,3,2,2,4.797540983999999,3,711.7
3,926.9,1,2,0,1,2,2,4.841463415,3,739.9
3,932.4,2,1,0,1,1,2,4.833064516,3,393.9
3,938.4,2,1,0,1,1,2,4.8544,3,738.6
3,945.5,1,2,0,2,1,2,4.826984127,3,166.2
3,949.5,1,2,0,2,1,2,4.869291339,3,735.0
3,951.5,1,2,0,2,1,2,4.9359375,3,743.2
3,957.5,1,2,0,1,2,2,4.923255814,3,408.6
3,963.4,1,2,0,1,2,2,4.900769231,3,366.7
3,977.9,1,2,0,1,2,2,4.90610687,3,639.4
3,1003.8,1,1,1,1,2,3,4.928030303,3,772.4
3,1012.4,3,0,0,1,1,1,4.930827068,3,462.2
3,1020.4,3,0,0,1,1,1,4.947761194,3,675.5
3,1023.3,3,0,0,1,1,1,4.937777778,3,458.3
3,1023.6,3,0,0,1,1,1,4.9110294119999995,3,183.2
3,1024.0,3,0,0,1,1,1,4.895620438,3,518.5
3,1029.4,3,0,0,1,1,1,4.933333333,3,754.6
3,1039.3,3,0,0,1,1,1,4.931654676,3,575.5
3,1041.1,3,0,0,1,1,1,4.986428571,3,776.4
3,1043.0,3,0,0,1,1,1,4.977304965,3,595.0
3,1045.1,2,1,0,1,2,1,4.972535211,3,618.6
3,1047.1,2,1,0,1,2,1,4.944755245,3,170.4
3,1062.8,2,1,0,1,1,2,4.922916667,3,233.1
3,1065.4,0,3,0,2,2,2,4.915172414,3,605.8
3,1070.7,0,3,0,2,2,2,4.89109589,3,191.2
3,1081.5,0,3,0,2,2,2,4.918367347,3,721.1
3,1097.7,1,2,0,1,2,2,4.916891892,3,577.3
3,1099.0,1,2,0,1,2,2,4.89261745,3,236.6
3,1111.2,1,0,2,1,3,3,4.868666667,3,353.8
3,1123.8,2,1,0,1,2,1,4.851655629,3,396.3
3,1126.6,2,1,0,1,2,1,4.838815789,3,515.1
3,1127.3,2,1,0,1,2,1,4.841176471,3,580.8
3,1131.9,2,1,0,1,2,1,4.8175324680000005,3,335.1
3,1134.3,2,1,0,1,2,1,4.846451613,3,689.9
3,1147.4,3,0,0,1,1,1,4.829487179,3,475.6
3,1147.7,3,0,0,1,1,1,4.815923567,3,479.4
3,1152.0,2,1,0,2,1,1,4.796202532,3,490.8
3,1154.7,2,1,0,2,1,1,4.794968553,3,639.4
3,1177.8,1,2,0,2,1,2,4.778125,3,497.2
3,1179.2,1,2,0,2,1,2,4.759006211,3,500.5
3,1181.2,0,3,0,2,2,2,4.763580247,3,648.9
3,1196.0,0,2,1,2,3,2,4.754601227,3,637.5
3,1200.5,0,2,1,2,3,2,4.731707317,3,106.8
3,1208.3,0,1,1,3,2,0,4.723030303,2,627.3
3,1212.5,0,2,1,3,2,2,4.727108434,3,624.3
3,1218.9,0,2,0,0,2,2,4.716167665,2,525.0
3,1225.0,0,2,1,3,2,2,4.717857143,3,613.9
3,1236.9,0,1,2,3,3,2,4.702366864,3,455.1
3,1246.4,1,0,2,1,3,3,4.701176471,3,595.8
3,1273.5,1,1,1,2,1,3,4.695906433,3,570.4
3,1274.0,1,1,1,2,1,3,4.68255814,3,502.8
3,1276.9,1,1,1,2,1,3,4.661849711,3,190.4
3,1277.3,1,1,1,2,1,3,4.666091954,3,566.7
3,1289.9,3,0,0,1,1,1,4.649142857,3,495.7
3,1290.4,3,0,0,1,1,1,4.635227273,3,556.3
3,1292.0,3,0,0,1,1,1,4.615254237,3,421.3
3,1295.8,3,0,0,1,1,1,4.671910112,3,553.1
3,1301.5,3,0,0,1,1,1,4.674301676,3,546.2
3,1310.9,3,0,0,1,1,1,4.662777778,3,538.5
3,1312.8,3,0,0,1,1,1,4.670165746,3,539.2
3,1323.1,2,1,0,1,1,2,4.681868132,3,534.9
3,1342.3,3,0,0,1,1,1,4.668852459,3,510.5
3,1344.1,3,0,0,1,1,1,4.658695652,3,511.0
3,1346.8,3,0,0,1,1,1,4.65027027,3,516.8
3,1349.1,3,0,0,1,1,1,4.639247312,3,515.7
3,1352.2,1,2,0,1,2,2,4.684491979,3,514.5
3,1358.2,1,2,0,1,2,2,4.687234043,3,509.2
3,1364.7,2,1,0,1,1,2,4.684126984,3,507.9
3,1366.1,0,2,1,3,2,2,4.694210526,3,508.3
3,1374.1,1,2,0,1,2,2,4.681675393,3,502.6
3,1375.5,1,2,0,1,2,2,4.665625,3,436.0
3,1377.1,1,2,0,1,2,2,4.67253886,3,501.9
3,1378.2,1,2,0,1,2,2,4.6597938139999995,3,501.6
3,1382.9,1,2,0,1,2,2,4.681538462,3,499.1
3,1386.0,0,3,0,2,2,2,4.666326531,3,495.0
3,1386.3,0,3,0,2,2,2,4.687817259,3,498.7
3,1391.9,0,3,0,2,2,2,4.67979798,3,499.0
3,1411.5,0,3,0,2,2,2,4.681407035,3,482.4
3,1412.5,0,3,0,2,2,2,4.667,3,470.2
3,2.0,0,0,0,0,0,0,12.5,0,32.9
3,2.7,0,0,1,3,0,0,7.15,1,0.0
3,12.6,1,2,0,1,2,2,5.933333332999999,3,4.8
3,26.9,2,0,0,1,1,0,5.05,2,10.4
3,37.3,0,1,2,2,3,3,5.46,3,1.6
3,44.6,0,0,3,3,3,3,5.116666667,3,0.0
3,53.3,1,0,1,1,3,0,4.728571429,2,0.0
3,53.8,1,0,2,1,3,3,4.275,3,0.0
3,74.5,2,1,0,2,1,1,4.266666667,3,5.6
3,78.1,2,1,0,2,1,1,4.92,3,18.9
3,90.8,1,2,0,2,1,2,5.6,3,7.3
3,92.0,1,2,0,2,1,2,5.366666667,3,7.7
3,104.5,0,0,3,3,3,3,5.1,3,0.0
3,109.3,0,0,2,3,3,0,4.907142857,2,0.0
3,109.3,0,0,3,3,3,3,4.926666667,3,0.0
3,116.5,0,0,1,3,0,0,4.69375,1,0.0
3,137.8,1,1,1,1,3,2,4.629411765,3,0.0
3,148.6,1,0,1,1,3,0,4.433333333,2,0.0
3,155.0,1,0,0,1,0,0,4.8,1,58.2
3,162.6,1,1,0,0,1,2,4.92,2,57.1
3,172.8,2,0,1,1,1,3,4.7809523810000005,3,0.0
3,173.2,2,0,1,1,1,3,4.622727273,3,1.6
3,175.8,1,1,1,2,1,3,4.504347826,3,10.9
3,176.0,1,1,1,2,1,3,4.558333333,3,20.0
3,181.7,1,2,0,2,1,2,4.716,3,42.9
3,182.1,1,2,0,2,1,2,4.596153846,3,6.2
3,218.1,1,1,1,2,3,1,4.496296296000001,3,8.8
3,221.5,1,0,2,3,3,1,4.557142857,3,7.3
3,223.0,1,0,2,3,3,1,4.637931034,3,10.1
3,233.1,1,0,2,3,3,1,4.666666667,3,1.9
3,233.5,1,0,2,3,3,1,4.570967742,3,6.5
3,235.3,1,0,2,3,3,1,4.48125,3,7.9
3,236.6,1,0,2,3,3,1,4.4424242419999995,3,8.3
3,240.4,1,0,2,3,3,1,4.405882353,3,5.7
3,242.0,1,2,0,2,2,1,4.451428571,3,5.8
3,249.7,0,0,2,3,3,0,4.3944444439999995,2,0.0
3,260.1,0,2,1,3,2,2,4.327027027,3,0.0
3,268.2,0,1,1,3,0,2,4.323684211000001,2,0.0
3,271.9,0,1,1,3,0,2,4.320512821,2,8.4
3,273.2,0,1,0,0,0,2,4.3125,1,11.3
3,281.8,1,1,1,1,2,3,4.356097561,3,6.1
3,288.1,0,1,2,2,3,3,4.311904762,3,0.4
3,289.1,0,1,2,2,3,3,4.2441860469999995,3,1.9
3,292.5,0,1,2,2,3,3,4.177272727,3,0.0
3,292.5,0,1,2,2,3,3,4.131111111,3,1.3
3,303.6,0,2,1,2,2,3,4.17826087,3,0.0
3,304.9,0,1,1,2,0,3,4.140425532,2,3.2
3,307.6,0,2,1,2,2,3,4.24375,3,0.8
3,317.3,0,0,1,0,3,0,4.346938776,1,10.1
3,322.4,2,1,0,1,1,2,4.412,3,14.3
3,328.8,2,0,1,3,1,1,4.496078431,3,90.6
3,332.3,1,1,1,3,1,2,4.469230769,3,12.0
3,333.8,1,1,1,3,1,2,4.6,3,94.3
3,349.5,0,2,1,3,2,2,4.546296296,3,0.0
3,350.8,0,2,1,3,2,2,4.503636364,3,9.8
3,352.0,0,2,0,0,2,2,4.446428571,2,10.8
3,359.2,1,2,0,1,2,2,4.435087718999999,3,4.9
3,365.1,0,2,1,3,2,2,4.403448276000001,3,35.4
3,369.0,1,2,0,1,2,2,4.352542373,3,34.1
3,371.4,1,2,0,1,2,2,4.336666667,3,54.3
3,373.4,1,2,0,1,2,2,4.363934426,3,80.2
3,375.3,1,2,0,1,2,2,4.309677419,3,29.2
3,381.9,1,2,0,1,2,2,4.466666667,3,77.7
3,387.8,1,2,0,1,2,2,4.48125,3,72.0
3,388.1,1,2,0,1,2,2,4.429230769,3,51.4
3,391.9,1,2,0,1,2,2,4.437878788,3,73.3
3,393.0,1,2,0,1,2,2,4.455223881,3,89.4
3,402.0,0,2,1,3,2,2,4.527941176000001,3,86.0
3,405.3,0,2,1,3,2,2,4.48115942,3,35.3
3,409.0,1,2,0,1,2,2,4.544285714,3,88.4
3,409.2,1,2,0,1,2,2,4.556338028,3,92.4
3,426.3,0,1,2,3,2,3,4.5125,3,15.6
3,431.1,1,1,1,1,2,3,4.501369863,3,13.9
3,435.6,1,1,1,1,2,3,4.47972973,3,25.7
3,452.4,1,2,0,1,2,2,4.461333333,3,44.2
3,453.1,0,2,0,0,2,2,4.434210526,2,20.7
3,453.9,0,1,1,0,2,3,4.572727273,2,94.0
3,459.6,1,1,1,1,2,3,4.558974359,3,62.2
3,461.3,0,0,3,3,3,3,4.687341772,3,112.0
3,474.6,1,1,1,1,2,3,4.65,3,25.1
3,477.9,1,2,0,1,2,2,4.6580246910000005,3,58.4
3,487.3,0,2,1,3,2,2,4.620731707,3,19.0
3,492.9,0,2,1,3,2,2,4.644578313,3,43.5
3,494.0,0,2,1,3,2,2,4.6261904760000006,3,35.9
3,505.4,0,1,2,3,2,3,4.585882353,3,19.9
3,513.7,1,2,0,1,2,2,4.684883721,3,62.2
3,518.7,1,2,0,1,2,2,4.7758620689999995,3,54.9
3,526.2,1,1,1,1,3,2,4.909090909,3,61.8
3,527.7,2,1,0,1,1,2,4.882022472,3,13.9
3,527.7,2,1,0,1,1,2,4.8611111110000005,3,15.3
3,540.5,0,1,2,3,3,2,4.913186813,3,47.6
3,550.5,0,2,1,2,2,3,4.880434783,3,4.2
3,552.9,0,2,1,2,2,3,4.859139785,3,3.7
3,559.7,0,0,1,0,0,3,4.930851064,1,29.3
3,559.8,0,0,1,0,0,3,5.0010526319999995,1,37.9
3,559.9,0,0,1,0,0,3,5.041666667,1,40.7
3,562.9,0,2,1,2,2,3,5.009278351,3,0.1
3,563.9,0,2,1,2,2,3,5.065306122,3,98.9
3,570.2,1,2,0,1,2,2,5.081818182,3,94.0
3,573.4,1,1,1,1,2,3,5.0969999999999995,3,95.8
3,573.5,1,1,1,1,2,3,5.145544554,3,97.4
3,577.5,0,0,3,3,3,3,5.110784314,3,27.0
3,577.9,0,0,3,3,3,3,5.084466019,3,46.0
3,580.1,0,0,3,3,3,3,5.056730769,3,93.2
3,585.1,0,0,3,3,3,3,5.034285714,3,90.4
3,588.2,0,0,3,3,3,3,5.020754717,3,90.0
3,589.0,0,0,3,3,3,3,5.024299065,3,91.9
3,600.3,0,0,3,3,3,3,5.001851852,3,78.8
3,606.7,0,0,2,3,3,0,5.043119266000001,2,79.6
3,606.7,0,0,2,3,3,0,5.075454545,2,82.7
3,613.0,2,1,0,1,1,2,5.179279279,3,1041.6
3,615.9,2,1,0,1,1,2,5.1428571430000005,3,2.7
3,616.6,2,1,0,1,1,2,5.107079646,3,59.2
3,616.6,2,1,0,1,1,2,5.1438596489999995,3,79.2
3,619.5,1,1,1,3,1,2,5.133913043,3,62.3
3,635.0,2,1,0,1,1,2,5.112068966,3,60.3
3,658.2,1,2,0,2,1,2,5.118803419,3,39.8
3,661.5,1,2,0,2,1,2,5.093220339,3,24.3
3,665.4,0,1,2,2,3,3,5.078151261,3,32.5
3,665.6,0,1,2,2,3,3,5.071666667,3,39.5
3,667.6,0,1,2,2,3,3,5.0809917360000005,3,286.9
3,670.4,0,0,3,3,3,3,5.056557377,3,33.5
3,674.9,0,0,3,3,3,3,5.026829268,3,34.5
3,684.3,1,0,2,1,3,3,5.0040322580000005,3,199.6
3,684.5,1,0,2,1,3,3,5.0,3,205.6
3,688.8,1,1,1,1,2,3,4.96984127,3,31.4
3,713.2,3,0,0,1,1,1,4.981102362,3,924.0
3,715.7,3,0,0,1,1,1,4.96953125,3,241.5
3,720.2,2,0,1,3,1,1,4.9395348839999995,3,6.8
3,740.0,3,0,0,1,1,1,4.949230769,3,897.7
3,740.8,3,0,0,1,1,1,4.9610687019999995,3,911.0
3,748.5,3,0,0,1,1,1,4.933333333,3,53.5
3,758.7,2,1,0,1,1,2,4.984210526,3,1458.3
3,773.9,2,1,0,1,1,2,4.990298506999999,3,1435.0
3,782.0,1,1,0,1,0,2,4.975555556000001,2,552.1
3,792.3,2,1,0,1,1,2,4.992647058999999,3,1431.9
3,795.2,2,1,0,1,1,2,4.976642336,3,561.8
3,814.2,3,0,0,1,1,1,4.954347826,3,71.9
3,823.2,2,1,0,1,1,2,4.945323741,3,835.1
3,832.0,1,2,0,2,1,2,4.929285714,3,687.5
3,832.8,1,2,0,2,1,2,4.907801418,3,124.8
3,838.4,1,2,0,2,1,2,4.921126761,3,1390.3
3,840.3,1,2,0,2,1,2,4.907692308000001,3,803.6
3,843.8,0,3,0,2,2,2,4.940972222,3,1391.7
3,845.5,0,3,0,2,2,2,4.931724138,3,1369.2
3,860.7,1,2,0,1,2,2,4.909589041,3,102.3
3,860.8,1,2,0,1,2,2,4.8850340139999995,3,303.8
3,861.9,1,2,0,1,2,2,4.877027027,3,1369.6
3,882.7,0,3,0,2,2,2,4.885234898999999,3,1354.7
3,888.0,0,2,0,0,2,2,4.870666667,2,783.2
3,895.8,2,1,0,1,1,2,4.847019868,3,337.9
3,899.0,2,1,0,1,1,2,4.838815789,3,1340.9
3,909.2,3,0,0,1,1,1,4.814379085,3,277.9
3,913.0,3,0,0,1,1,1,4.831168831,3,1330.5
3,916.5,3,0,0,1,1,1,4.862580645,3,1328.7
3,920.0,3,0,0,1,1,1,4.868589743999999,3,1323.5
3,925.6,2,1,0,2,1,1,4.867515924,3,1325.3
3,948.9,1,2,0,2,2,1,4.864556962,3,1306.0
3,953.5,0,3,0,2,2,2,4.86918239,3,1302.1
3,959.7,0,0,2,0,3,3,4.85375,2,1299.6
3,975.2,3,0,0,1,1,1,4.888819876,3,1286.0
3,980.6,3,0,0,1,1,1,4.887037037,3,1281.1
3,986.1,3,0,0,1,1,1,4.892638037,3,1280.2
3,990.2,3,0,0,1,1,1,4.897560976,3,1281.5
3,991.7,3,0,0,1,1,1,4.927878788,3,1280.4
3,994.1,3,0,0,1,1,1,4.91626506,3,1278.0
3,995.0,3,0,0,1,1,1,4.922754491,3,1280.1
3,1015.6,3,0,0,1,1,1,4.943452381,3,1261.8
3,1026.2,3,0,0,1,1,1,5.093491124,3,1254.9
3,1031.6,3,0,0,1,1,1,5.098823529,3,1250.4
3,1031.8,3,0,0,1,1,1,5.088304094,3,1254.0
3,1033.4,3,0,0,1,1,1,5.06744186,3,303.1
3,1038.9,3,0,0,1,1,1,5.116763006,3,1272.5
3,1046.5,3,0,0,1,1,1,5.095402299,3,422.3
3,1066.3,2,1,0,1,2,1,5.118285714,3,1249.4
3,1068.3,2,1,0,1,2,1,5.098863636,3,435.0
3,1073.0,3,0,0,1,1,1,5.080225989,3,1138.3
3,1084.2,3,0,0,1,1,1,5.0589887639999995,3,577.8
3,1090.1,3,0,0,1,1,1,5.080446927,3,1226.0
3,1102.5,3,0,0,1,1,1,5.072777778,3,1202.3
3,1104.4,3,0,0,1,1,1,5.070165746,3,1220.4
3,1111.3,3,0,0,1,1,1,5.086263736,3,1213.7
3,1111.7,3,0,0,1,1,1,5.075956284,3,1177.4
3,1140.1,2,1,0,1,1,2,5.064673913,3,1168.4
3,1141.4,2,1,0,1,1,2,5.075675676,3,1183.6
3,1144.6,2,1,0,1,1,2,5.067741935,3,1184.8
3,1148.9,2,1,0,1,1,2,5.045989305,3,86.1
3,1151.9,1,1,0,0,1,2,5.039361702,2,1180.2
3,1154.1,2,1,0,1,1,2,5.025396825,3,1178.9
3,1170.6,2,1,0,1,1,2,5.022631579,3,1162.4
3,1171.5,1,2,0,2,1,2,5.071727749,3,1164.4
3,1201.2,3,0,0,1,1,1,5.076041667,3,1136.3
3,1209.7,2,1,0,2,1,1,5.059067358,3,1008.6
3,1221.7,2,1,0,2,1,1,5.059793814,3,1119.2
3,1222.2,2,1,0,2,1,1,5.08974359,3,1121.2
3,1240.9,2,1,0,1,1,2,5.082142857,3,1105.2
3,1244.6,2,1,0,1,1,2,5.081725888,3,1105.1
3,1247.7,1,2,0,1,2,2,5.067171717,3,1087.7
3,1250.7,1,2,0,1,2,2,5.059296482,3,1099.6
3,1251.7,1,2,0,1,2,2,5.043,3,1102.1
3,9.7,1,1,1,1,2,3,2.3,3,0.0
3,16.3,1,1,0,1,0,2,5.65,2,6.4
3,22.1,1,2,0,1,2,2,5.166666667,3,3.0
3,23.3,1,1,1,1,2,3,4.8,3,6.0
3,24.6,1,1,1,1,2,3,4.54,3,7.1
3,30.1,1,0,2,1,3,3,4.05,3,5.1
3,36.8,2,0,1,1,1,3,3.8285714289999997,3,0.0
3,37.3,2,0,1,1,1,3,3.575,3,11.1
3,39.3,2,0,0,1,1,0,3.566666667,2,9.4
3,41.4,2,1,0,1,1,2,3.32,3,8.8
3,41.7,2,1,0,1,1,2,4.090909091,3,90.3
3,46.4,2,1,0,1,1,2,4.033333333,3,4.9
3,48.0,2,1,0,1,1,2,4.184615385,3,16.9
3,53.5,1,1,1,1,3,2,4.164285714,3,22.4
3,54.6,1,1,1,1,3,2,4.053333333,3,25.2
3,61.1,1,2,0,1,2,2,4.25,3,71.5
3,63.2,1,2,0,1,2,2,4.170588235,3,68.4
3,63.3,1,2,0,1,2,2,4.238888889,3,80.5
3,67.8,1,1,1,1,3,2,4.094736842,3,66.7
3,73.7,0,1,0,0,0,2,4.34,1,75.5
3,84.7,2,1,0,1,1,2,4.614285714,3,89.2
3,92.6,1,2,0,1,2,2,4.454545455,3,43.4
3,107.9,0,3,0,2,2,2,4.630434783,3,70.1
3,114.7,0,3,0,2,2,2,4.791666667,3,214.5
3,122.4,0,3,0,2,2,2,4.936,3,221.8
3,129.9,0,3,0,2,2,2,5.153846154,3,222.7
3,131.3,0,3,0,2,2,2,5.114814815,3,19.4
3,135.7,0,0,3,3,3,3,5.025,3,9.7
3,140.2,0,1,1,2,3,0,4.910344828,2,14.6
3,141.9,0,2,1,2,3,2,4.81,3,34.8
3,156.7,0,1,1,0,3,2,4.729032258,2,21.9
3,159.9,2,1,0,1,1,2,4.703125,3,26.6
3,167.3,1,2,0,1,2,2,4.63030303,3,16.7
3,174.9,1,1,1,1,2,3,4.5264705880000005,3,18.1
3,178.7,0,0,3,3,3,3,4.502857143,3,72.9
3,179.7,0,0,3,3,3,3,4.536111111,3,141.6
3,191.0,2,1,0,1,1,2,4.464864865,3,60.9
3,193.7,2,0,1,1,1,3,4.523684211,3,174.8
3,194.4,2,0,0,1,1,0,4.582051282,2,258.6
3,205.6,3,0,0,1,1,1,4.5675,3,55.2
3,214.0,3,0,0,1,1,1,4.526829268,3,112.3
3,218.9,3,0,0,1,1,1,4.4880952380000005,3,115.8
3,219.7,3,0,0,1,1,1,4.6,3,333.2
3,224.5,1,2,0,1,2,2,4.706818182,3,347.7
3,233.4,1,2,0,1,2,2,4.735555556,3,221.3
3,237.7,1,2,0,1,2,2,4.680434783,3,47.8
3,241.5,1,2,0,1,2,2,4.676595745,3,125.0
3,247.6,1,2,0,1,2,2,4.614583333,3,6.2
3,277.1,1,2,0,2,1,2,4.544897959,3,6.1
3,279.5,0,3,0,2,2,2,4.546,3,157.0
3,284.2,0,2,1,3,2,2,4.707843137,3,291.2
3,290.9,2,1,0,1,1,2,4.6788461539999995,3,46.8
3,310.0,3,0,0,1,1,1,4.630188679,3,17.0
3,317.1,2,1,0,2,1,1,4.646296296,3,142.7
3,327.2,1,0,2,3,3,1,4.630909091,3,48.0
3,338.3,0,1,1,0,2,3,4.673214286,2,249.9
3,339.7,0,1,1,0,2,3,4.612280702,2,6.4
3,346.2,0,1,2,3,3,2,4.6,3,85.3
3,366.6,0,2,1,3,2,2,4.579661017,3,7.1
3,373.4,0,2,1,2,3,2,4.62,3,221.8
3,375.1,0,1,2,3,3,2,4.713114753999999,3,227.1
3,387.7,1,2,0,1,2,2,4.833870968,3,225.6
3,388.3,1,2,0,1,2,2,4.784126983999999,3,26.9
3,396.2,1,2,0,1,2,2,4.740625,3,27.1
3,403.9,1,2,0,1,2,2,4.783076923,3,220.2
3,415.0,1,2,0,1,2,2,4.731818182,3,1.9
3,416.8,1,1,1,1,3,2,4.698507463,3,10.9
3,435.4,0,2,0,0,2,2,4.667647059,2,126.3
3,435.7,1,2,0,1,2,2,4.614492754,3,5.4
3,448.6,2,1,0,1,1,2,4.755714286,3,213.9
3,457.3,1,0,2,1,3,3,4.750704225,3,104.9
3,459.9,1,0,2,1,3,3,4.7375,3,121.6
3,473.6,2,1,0,1,1,2,4.715068493,3,149.4
3,478.2,2,1,0,1,1,2,4.7986486489999995,3,147.3
3,480.4,3,0,0,1,1,1,4.7693333330000005,3,145.7
3,480.9,3,0,0,1,1,1,4.875,3,193.5
3,483.0,3,0,0,1,1,1,4.854545455,3,148.6
3,485.0,3,0,0,1,1,1,4.821794872,3,146.2
3,491.2,3,0,0,1,1,1,4.808860759,3,143.7
3,501.2,3,0,0,1,1,1,4.785,3,137.5
3,505.7,3,0,0,1,1,1,4.813580247,3,135.2
3,516.3,3,0,0,1,1,1,4.787804878,3,160.7
3,517.5,3,0,0,1,1,1,4.787951807,3,162.2
3,520.3,3,0,0,1,1,1,4.85,3,164.2
3,521.7,3,0,0,1,1,1,4.849411765,3,164.2
3,523.3,3,0,0,1,1,1,4.86627907,3,171.2
3,528.5,1,2,0,2,1,2,4.886206897,3,172.3
3,536.7,0,3,0,2,2,2,4.8625,3,150.5
3,539.3,0,3,0,2,2,2,4.8471910110000005,3,168.1
3,539.3,0,3,0,2,2,2,4.843333333,3,171.6
3,541.1,0,3,0,2,2,2,4.867032967,3,169.8
3,542.4,0,3,0,2,2,2,4.831521738999999,3,0.3
3,544.8,1,2,0,1,2,2,4.795698925,3,96.8
3,548.4,1,2,0,1,2,2,4.8085106380000004,3,179.6
3,550.3,1,2,0,1,2,2,4.788421053,3,165.1
3,555.1,1,1,1,1,2,3,4.758333333,3,135.6
3,556.1,1,1,1,1,2,3,4.720618557,3,91.9
3,574.9,1,1,1,1,3,2,4.6857142860000005,3,156.3
3,575.1,1,1,1,1,3,2,4.686868687,3,157.4
3,591.3,2,0,1,1,1,3,4.7219999999999995,3,146.0
3,595.5,2,0,1,1,1,3,4.694059406,3,138.5
3,601.8,2,0,1,1,1,3,4.742156863,3,171.0
3,617.4,2,0,1,1,3,1,4.7766990289999995,3,165.0
3,619.6,2,0,1,1,3,1,4.779807691999999,3,163.0
3,623.0,1,0,2,3,3,1,4.74952381,3,112.9
3,624.7,0,0,3,3,3,3,4.733962264,3,120.8
3,628.6,0,0,3,3,3,3,4.718691589,3,146.3
3,630.0,0,1,2,2,3,3,4.687037037,3,118.6
3,633.8,1,0,2,1,3,3,4.673394495,3,151.4
3,634.2,1,0,2,1,3,3,4.807272727,3,153.5
3,635.1,1,0,2,1,3,3,4.78018018,3,153.3
3,639.8,1,1,1,1,2,3,4.7633928569999995,3,150.4
3,641.4,1,0,2,1,3,3,4.755752212,3,149.3
3,646.6,1,1,1,1,3,2,4.768421053,3,146.5
3,647.9,1,1,1,1,3,2,4.7826086960000005,3,146.7
3,655.8,2,0,0,1,1,0,4.775,2,143.5
3,655.9,2,0,0,1,1,0,4.793162393,2,145.1
3,664.8,1,1,1,2,1,3,4.8627118639999996,3,143.1
3,683.1,1,0,2,3,1,3,4.889915966,3,120.1
3,685.1,1,0,2,3,1,3,4.9025,3,122.0
3,686.3,0,0,3,3,3,3,4.923140496,3,448.8
3,686.8,0,0,3,3,3,3,4.907377049,3,124.5
3,694.6,2,0,1,1,1,3,4.881300813,3,118.9
3,696.1,2,0,1,1,1,3,4.856451613,3,119.1
3,700.4,1,1,1,2,1,3,4.832,3,116.6
3,705.7,1,1,1,2,1,3,4.811904762,3,115.2
3,707.0,1,1,1,2,1,3,4.786614173,3,116.2
3,707.3,1,1,1,2,1,3,4.7640625,3,142.7
3,725.3,0,3,0,2,2,2,4.78372093,3,441.8
3,727.7,0,3,0,2,2,2,4.754615385,3,97.1
3,737.8,0,1,1,0,3,2,4.797709923999999,2,563.3
3,744.2,1,1,1,1,3,2,4.781818182,3,320.7
3,753.4,1,2,0,1,2,2,4.79924812,3,421.0
3,754.6,1,2,0,1,2,2,4.812686567,3,647.2
3,754.6,1,2,0,1,2,2,4.816296296,3,546.4
3,757.6,1,2,0,1,2,2,4.835294118,3,650.9
3,760.0,1,2,0,1,2,2,4.827007299,3,411.5
3,760.4,1,2,0,1,2,2,4.800724638,3,91.5
3,763.0,1,2,0,1,2,2,4.8,3,652.9
3,766.9,1,2,0,1,2,2,4.787857143,3,504.9
3,773.6,0,1,1,2,0,3,4.774468085,2,383.6
3,776.7,0,1,2,3,2,3,4.757042254,3,298.7
3,783.7,0,1,2,2,3,3,4.755944056000001,3,636.9
3,789.9,0,0,3,3,3,3,4.734027778,3,358.1
3,796.8,0,0,3,3,3,3,4.710344828,3,198.9
3,802.1,0,0,3,3,3,3,4.6924657530000005,3,425.3
3,806.9,0,0,3,3,3,3,4.701360544,3,618.3
3,807.5,0,0,3,3,3,3,4.682432432,3,429.0
3,818.5,1,0,2,1,3,3,4.709395973,3,608.9
3,826.0,2,0,0,1,1,0,4.702666667,2,447.5
3,829.8,3,0,0,1,1,1,4.6907284769999995,3,481.7
3,834.8,3,0,0,1,1,1,4.675657895,3,489.1
3,844.1,2,1,0,1,1,2,4.676470588,3,587.1
3,847.9,2,1,0,1,1,2,4.66038961,3,508.7
3,848.8,2,1,0,1,1,2,4.639354839,3,559.6
3,868.3,3,0,0,1,1,1,4.68974359,3,610.3
3,874.0,3,0,0,1,1,1,4.71656051,3,562.0
3,891.3,3,0,0,1,1,1,4.696202532,3,520.8
3,895.3,3,0,0,1,1,1,4.694339623,3,555.1
3,899.6,3,0,0,1,1,1,4.693125,3,550.9
3,901.4,3,0,0,1,1,1,4.670807453,3,109.7
3,911.5,3,0,0,1,1,1,4.654938272,3,502.1
3,915.2,3,0,0,1,1,1,4.632515337,3,102.2
3,920.6,3,0,0,1,1,1,4.6457317069999995,3,561.5
3,921.6,3,0,0,1,1,1,4.68,3,564.9
3,924.4,3,0,0,1,1,1,4.6807228919999995,3,530.4
3,931.6,3,0,0,1,1,1,4.674850299,3,557.3
3,939.0,2,1,0,1,2,1,4.666071429,3,519.5
3,948.6,2,1,0,1,2,1,4.644378698,3,115.8
3,948.9,2,1,0,1,2,1,4.639411765,3,557.3
3,957.3,2,1,0,1,2,1,4.6391812869999995,3,550.5
3,970.1,2,1,0,1,1,2,4.618023256,3,205.1
3,977.2,3,0,0,1,1,1,4.627745665,3,531.1
3,979.2,2,1,0,2,1,1,4.616091954,3,444.0
3,981.6,2,1,0,2,1,1,4.596,3,332.8
3,984.0,2,1,0,2,1,1,4.5840909089999995,3,452.1
3,1019.5,2,1,0,1,1,2,4.590960452,3,490.5
3,1026.3,2,1,0,1,1,2,4.584831461,3,486.1
3,1027.0,2,1,0,1,1,2,4.710614525,3,533.4
3,1035.0,2,1,0,1,1,2,4.692222222,3,409.9
3,1038.6,1,2,0,1,2,2,4.691712707,3,477.2
3,1047.0,0,3,0,2,2,2,4.697252747,3,475.0
3,1061.5,0,3,0,2,2,2,4.6781420769999995,3,348.3
3,1068.1,1,1,0,1,0,2,4.675,2,452.3
3,1069.5,2,1,0,1,1,2,4.681621622,3,483.1
3,1069.6,2,1,0,1,1,2,4.714516129,3,498.9
3,1070.6,2,1,0,1,1,2,4.705882353,3,444.0
3,1087.9,0,3,0,2,2,2,4.72606383,3,488.8
3,1095.4,0,2,0,0,2,2,4.761375661000001,2,536.4
3,1105.5,0,3,0,2,2,2,4.752631579,3,410.4
3,1113.5,0,3,0,2,2,2,4.758638743000001,3,443.7
3,1113.6,0,3,0,2,2,2,4.759895833,3,488.9
3,1117.8,0,3,0,2,2,2,4.746632124,3,440.7
3,1119.8,0,3,0,2,2,2,4.730412371,3,335.2
3,1121.0,0,3,0,2,2,2,4.732820513,3,481.6
3,1133.5,1,2,0,1,2,2,4.714285714,3,310.4
3,1134.2,1,2,0,1,2,2,4.695939086,3,325.4
3,1149.9,0,2,0,0,2,2,4.7090909089999995,2,453.4
3,1151.9,1,2,0,1,2,2,4.6954773869999995,3,408.8
3,1154.1,0,3,0,2,2,2,4.6865,3,412.3
3,2.0,1,0,1,1,3,0,5.8,2,0.0
3,3.2,1,0,1,1,3,0,10.6,2,31.7
3,12.5,1,2,0,1,2,2,10.53333333,3,29.7
3,17.1,1,2,0,1,2,2,8.375,3,20.0
3,22.7,2,1,0,1,1,2,7.16,3,19.7
3,30.2,1,2,0,2,1,2,6.283333333,3,14.5
3,31.4,1,2,0,2,1,2,5.785714286,3,15.2
3,31.5,1,2,0,2,1,2,5.275,3,17.9
3,34.7,1,2,0,2,1,2,6.288888889,3,15.6
3,46.6,0,0,3,3,3,3,6.12,3,4.5
3,61.2,0,0,2,0,3,3,6.154545455,2,0.0
3,65.0,1,0,2,1,3,3,5.966666667,3,0.0
3,72.7,1,1,0,1,2,0,5.623076922999999,2,5.5
3,81.9,0,2,1,2,2,3,5.65,3,0.0
3,86.0,0,2,1,2,2,3,5.473333332999999,3,1.9
3,97.9,0,0,1,3,0,0,6.1,1,0.0
3,100.6,0,0,2,3,3,0,6.235294118,2,0.0
3,120.8,0,1,1,3,2,0,5.983333332999999,2,0.0
3,144.4,1,1,0,1,0,2,6.063157895,2,54.6
3,153.1,1,2,0,2,1,2,5.845,3,12.7
3,171.0,1,2,0,1,2,2,5.819047619,3,28.4
3,171.7,1,2,0,1,2,2,5.668181818,3,4.2
3,172.8,1,2,0,1,2,2,5.973913043,3,31.9
3,179.2,1,1,0,1,0,2,5.816666667000001,2,27.3
3,191.6,0,3,0,2,2,2,5.732,3,17.1
3,197.5,0,3,0,2,2,2,5.557692307999999,3,14.9
3,203.6,0,1,2,2,3,3,5.57037037,3,13.8
3,205.8,1,0,2,1,3,3,5.546428571,3,16.2
3,212.1,1,0,2,1,3,3,5.686206897000001,3,11.2
3,212.4,1,0,2,1,3,3,5.533333333,3,1.2
3,213.0,1,0,2,1,3,3,5.493548387000001,3,88.4
3,213.3,1,0,2,1,3,3,5.659375,3,221.6
3,220.7,0,2,1,2,2,3,5.557575758,3,2.3
3,229.3,1,1,1,1,2,3,5.502941176,3,51.9
3,230.1,1,1,1,1,2,3,5.5,3,71.8
3,241.0,3,0,0,1,1,1,5.405555556,3,39.4
3,255.2,3,0,0,1,1,1,5.305405405,3,50.5
3,259.7,3,0,0,1,1,1,5.334210526000001,3,84.9
3,260.3,3,0,0,1,1,1,5.2871794869999995,3,86.3
3,266.6,3,0,0,1,1,1,5.2625,3,83.5
3,277.3,2,1,0,2,1,1,5.336585366,3,158.2
3,295.0,2,1,0,1,2,1,5.2809523810000005,3,99.3
3,295.4,2,1,0,1,2,1,5.186046512,3,11.9
3,298.9,2,1,0,1,2,1,5.293181818,3,144.9
3,305.7,0,1,2,3,3,2,5.2066666669999995,3,1.7
3,308.5,0,1,1,0,3,2,5.1652173910000005,2,137.2
3,310.1,1,1,0,1,0,2,5.14893617,2,138.9
3,317.7,1,1,0,0,1,2,5.21875,2,132.5
3,320.2,2,1,0,1,1,2,5.244897958999999,3,133.5
3,331.3,0,3,0,2,2,2,5.224,3,127.4
3,331.5,0,3,0,2,2,2,5.1901960780000005,3,128.7
3,333.8,0,3,0,2,2,2,5.188461538,3,129.1
3,346.3,0,2,1,3,2,2,5.128301887,3,13.0
3,352.0,1,1,1,1,3,2,5.061111111000001,3,101.4
3,355.2,2,1,0,1,1,2,5.009090909,3,112.8
3,355.7,2,1,0,1,1,2,5.0017857139999995,3,117.0
3,360.1,2,0,1,1,1,3,4.966666667,3,114.7
3,363.3,3,0,0,1,1,1,4.927586207,3,114.0
3,365.9,3,0,0,1,1,1,5.0,3,111.9
3,366.4,3,0,0,1,1,1,4.98,3,113.6
3,379.5,2,1,0,1,1,2,4.990163934,3,104.3
3,385.8,2,1,0,1,1,2,4.959677419,3,101.2
3,393.9,2,1,0,1,1,2,4.9,3,74.1
3,396.4,1,1,1,3,1,2,4.8921875,3,93.0
3,397.2,1,1,1,3,1,2,5.041538462,3,92.9
3,402.1,1,2,0,1,2,2,4.983333333,3,67.1
3,403.6,1,2,0,1,2,2,4.928358209,3,84.8
3,411.4,1,2,0,1,2,2,4.930882353,3,82.4
3,415.5,1,2,0,1,2,2,4.9507246380000005,3,78.3
3,422.1,0,3,0,2,2,2,4.907142857,3,82.6
3,422.8,0,3,0,2,2,2,4.888732394,3,106.0
3,425.5,0,3,0,2,2,2,4.866666667,3,103.5
3,426.8,0,3,0,2,2,2,4.834246575,3,105.5
3,442.2,0,1,2,3,3,2,4.910810811,3,90.5
3,451.1,0,0,3,3,3,3,4.865333333,3,54.9
3,452.9,0,0,3,3,3,3,4.817105263,3,38.3
3,463.6,1,0,2,1,3,3,4.888311688,3,81.3
3,487.2,1,0,2,1,3,3,4.846153846,3,19.4
3,493.0,0,1,2,2,3,3,4.8012658230000005,3,39.4
3,493.4,0,1,2,2,3,3,4.9775,3,179.3
3,502.7,1,1,1,1,2,3,4.9592592589999995,3,32.1
3,506.6,1,0,2,1,3,3,4.931707317,3,27.1
3,513.7,3,0,0,1,1,1,4.9301204819999995,3,68.2
3,539.0,1,0,2,1,3,3,4.903571428999999,3,0.0
3,543.8,3,0,0,1,1,1,4.869411765,3,11.4
3,545.1,1,1,1,3,2,1,4.85,3,40.7
3,554.5,1,1,1,3,2,1,4.826436782,3,6.1
3,576.0,0,3,0,2,2,2,4.840909091,3,10.7
3,585.8,0,1,2,3,3,2,4.804494382,3,49.6
3,588.7,0,1,2,3,3,2,4.8,3,48.3
3,596.4,2,1,0,1,1,2,4.778021978,3,42.2
3,599.3,1,2,0,1,2,2,4.744565217,3,42.1
3,629.6,1,2,0,2,1,2,4.760215054,3,44.3
3,631.9,1,2,0,2,1,2,4.758510638,3,48.2
3,638.4,1,1,1,2,1,3,4.743157895,3,46.3
3,662.1,3,0,0,1,1,1,4.7375,3,25.9
3,668.4,2,1,0,1,2,1,4.797938144,3,132.2
3,670.7,1,2,0,2,2,1,4.770408163,3,20.9
3,671.2,1,2,0,2,2,1,4.86969697,3,134.7
3,671.3,1,2,0,2,2,1,4.864,3,20.9
3,671.4,1,2,0,2,2,1,4.955445545,3,206.3
3,672.1,1,2,0,2,2,1,4.916666667,3,21.6
3,673.1,1,1,1,2,3,1,4.9029126210000005,3,21.6
3,674.6,1,0,2,3,3,1,4.868269231,3,21.9
3,678.7,1,0,2,3,3,1,4.867619048,3,132.2
3,684.7,1,0,2,3,3,1,4.83490566,3,13.5
3,699.1,2,0,1,1,3,1,4.84953271,3,112.1
3,702.0,3,0,0,1,1,1,4.816666667,3,113.7
3,703.0,3,0,0,1,1,1,4.785321101,3,114.0
3,712.0,3,0,0,1,1,1,4.7836363639999995,3,122.8
3,713.2,3,0,0,1,1,1,4.765765766,3,126.2
3,731.7,3,0,0,1,1,1,4.7517857139999995,3,123.3
3,738.4,2,1,0,1,1,2,4.722123894,3,82.1
3,747.6,0,3,0,2,2,2,4.742982456,3,137.7
3,760.7,1,2,0,1,2,2,4.903478261,3,131.1
3,763.9,1,2,0,1,2,2,4.874137931,3,88.1
3,771.9,1,2,0,1,2,2,4.88974359,3,120.5
3,772.1,1,2,0,1,2,2,4.904237288,3,127.0
3,776.9,1,2,0,1,2,2,4.885714286,3,110.3
3,779.0,1,2,0,1,2,2,4.8925,3,126.7
3,809.5,0,1,2,3,2,3,4.866115702,3,97.7
3,813.0,0,0,3,3,3,3,4.837704918,3,10.8
3,816.8,0,0,3,3,3,3,4.808130081,3,36.7
3,818.2,0,0,2,0,3,3,4.807258065,2,90.7
3,821.1,2,0,1,1,1,3,4.7832,3,90.3
3,822.0,2,0,0,1,1,0,4.811904762,2,118.0
3,822.7,2,1,0,1,1,2,4.7960629919999995,3,90.5
3,835.8,2,0,1,3,1,1,4.77734375,3,79.2
3,847.3,3,0,0,1,1,1,4.824031008,3,140.5
3,848.9,3,0,0,1,1,1,4.813846154,3,67.1
3,868.5,1,2,0,1,2,2,4.78778626,3,79.9
3,875.0,0,3,0,2,2,2,4.799242424,3,122.3
3,883.4,0,2,1,2,2,3,4.813533835,3,120.2
3,885.5,0,1,2,2,3,3,4.789552239,3,80.9
3,901.3,0,1,2,2,3,3,4.782222222,3,79.4
3,902.9,0,1,2,2,3,3,4.809558824,3,397.1
3,904.6,0,1,2,2,3,3,4.8240875910000005,3,105.7
3,909.0,0,0,3,3,3,3,4.807971014,3,132.3
3,918.6,1,0,1,1,3,0,4.796402878,2,160.9
3,937.1,3,0,0,1,1,1,4.804285714,3,365.2
3,940.3,2,0,1,1,1,3,4.790070922,3,184.9
3,966.2,1,2,0,1,2,2,4.772535211,3,32.4
3,985.6,1,2,0,2,1,2,4.781118881,3,322.6
3,999.9,1,0,2,3,1,3,4.779166667,3,308.6
3,1005.4,2,0,1,1,1,3,4.780689655,3,308.8
3,1008.1,2,0,1,1,1,3,4.760958904,3,53.5
3,1009.1,2,0,1,1,1,3,4.789115646,3,329.4
3,1013.9,2,0,1,1,1,3,4.766216216,3,30.0
3,1035.0,1,2,0,2,2,1,4.773825503,3,327.8
3,1043.1,1,1,1,3,2,1,4.766666667,3,325.6
3,1046.2,2,1,0,1,2,1,4.747682118999999,3,92.4
3,1047.8,2,1,0,1,2,1,4.732894737,3,145.8
3,1056.4,1,2,0,2,2,1,4.75751634,3,316.0
3,1061.2,1,2,0,2,2,1,4.742207792,3,231.6
3,1062.6,1,1,1,3,2,1,4.770322581,3,345.5
3,1066.2,2,1,0,1,2,1,4.747435897,3,16.5
3,1070.5,2,1,0,1,2,1,4.72611465,3,250.2
3,1078.2,1,2,0,2,2,1,4.718987342,3,302.7
3,1084.4,2,1,0,1,2,1,4.705031447,3,293.6
3,1086.0,2,1,0,1,2,1,4.681875,3,110.1
3,1093.4,2,1,0,1,2,1,4.710559006,3,334.2
3,1098.7,2,1,0,1,2,1,4.694444444,3,283.9
3,1105.7,2,1,0,1,2,1,4.67607362,3,278.8
3,1108.4,2,1,0,1,2,1,4.6591463410000005,3,276.3
3,1112.3,2,1,0,1,2,1,4.676969697,3,315.4
3,1115.2,2,1,0,1,2,1,4.674698795,3,271.4
3,1120.1,2,1,0,1,2,1,4.753892216000001,3,949.4
3,1126.5,2,0,1,1,3,1,4.757738095,3,303.7
3,1131.6,2,1,0,2,1,1,4.782840237,3,304.0
3,1150.5,3,0,0,1,1,1,4.778823528999999,3,266.7
3,1156.7,3,0,0,1,1,1,4.769590643,3,229.5
3,1156.9,3,0,0,1,1,1,4.752906977,3,229.4
3,1158.6,3,0,0,1,1,1,4.750867052,3,276.7
3,1160.8,3,0,0,1,1,1,4.743678161,3,252.4
3,1162.6,3,0,0,1,1,1,4.724,3,156.6
3,1164.5,3,0,0,1,1,1,4.705113636,3,186.0
3,1165.6,3,0,0,1,1,1,4.697740113,3,257.4
3,1167.4,3,0,0,1,1,1,4.679213483,3,220.8
3,1167.5,3,0,0,1,1,1,4.724581006,3,919.9
3,1182.8,1,2,0,1,2,2,4.708333333,3,236.2
3,1189.2,0,3,0,2,2,2,4.71160221,3,314.6
3,1194.1,1,1,1,1,3,2,4.723626374,3,314.8
3,1203.5,3,0,0,1,1,1,4.707103825,3,233.4
3,1226.5,0,3,0,2,2,2,4.7097826089999995,3,491.8
3,1226.6,0,3,0,2,2,2,4.728108108,3,824.2
3,1228.8,0,3,0,2,2,2,4.784408602,3,871.4
3,1242.1,0,3,0,2,2,2,4.7647058819999994,3,15.6
3,1255.4,1,2,0,1,2,2,4.752659574,3,184.3
3,1257.8,1,1,1,1,3,2,4.735978836,3,186.8
3,1264.5,2,1,0,1,1,2,4.717368421000001,3,82.9
3,1282.5,1,2,0,1,2,2,4.705759162,3,174.6
3,1288.7,0,3,0,2,2,2,4.688020833,3,71.6
3,1302.3,1,0,2,1,3,3,4.696891192,3,787.5
3,1303.8,1,0,2,1,3,3,4.679896907,3,155.8
3,1304.3,1,0,2,1,3,3,4.662564103,3,163.1
3,1341.7,1,1,1,3,2,1,4.668367347,3,766.5
3,1344.7,1,1,1,3,2,1,4.702538071,3,765.5
3,1347.4,1,1,1,3,2,1,4.688888888999999,3,146.3
3,1357.0,2,1,0,1,2,1,4.71959799,3,757.0
3,1358.1,2,1,0,1,2,1,4.707,3,137.6
3,2.0,0,0,1,3,0,0,2.9,1,0.0
3,7.0,0,0,1,3,0,0,2.45,1,0.0
3,13.6,0,1,0,0,2,0,5.8,1,8.9
3,33.1,1,0,2,1,3,3,4.75,3,0.0
3,43.9,1,1,1,1,2,3,4.76,3,0.0
3,48.1,1,0,2,1,3,3,4.733333333,3,0.0
3,54.3,2,1,0,1,1,2,4.828571429,3,2.0
3,55.0,2,1,0,1,1,2,4.6375,3,21.4
3,75.1,2,1,0,1,1,2,4.766666667,3,4.6
3,80.7,0,1,2,2,3,3,4.79,3,0.0
3,85.0,0,0,3,3,3,3,4.8272727269999995,3,0.0
3,99.0,0,1,1,2,0,3,4.658333333,2,0.0
3,103.3,0,2,1,2,2,3,4.5,3,0.0
3,104.3,0,2,1,2,2,3,4.25,3,1.6
3,115.6,0,1,1,2,3,0,4.046666667,2,0.0
3,128.6,0,1,1,2,3,0,4.1125,2,0.0
3,148.1,0,0,1,0,3,0,4.311764706,1,0.0
3,150.9,1,0,2,1,3,3,4.1444444439999995,3,0.0
3,178.7,1,1,0,0,1,2,4.236842105,2,59.8
3,187.3,1,2,0,2,1,2,4.19,3,5.3
3,187.4,1,2,0,2,1,2,4.052380952,3,0.7
3,189.2,1,1,1,3,1,2,4.35,3,314.4
3,199.0,1,1,0,0,1,2,4.439130435,2,42.8
3,201.6,1,1,0,0,1,2,4.4375,2,42.8
3,215.4,2,1,0,1,1,2,4.3839999999999995,3,0.7
3,218.6,2,0,1,1,1,3,4.269230769,3,5.2
3,219.6,3,0,0,1,1,1,4.37037037,3,288.7
3,220.3,3,0,0,1,1,1,4.253571429,3,4.9
3,227.6,3,0,0,1,1,1,4.255172414,3,286.6
3,232.6,2,1,0,2,1,1,4.176666667,3,183.3
3,235.3,1,2,0,2,1,2,4.15483871,3,279.3
3,237.7,1,2,0,2,1,2,4.19375,3,277.6
3,243.1,1,0,2,3,1,3,4.196969697,3,275.0
3,250.1,3,0,0,1,1,1,4.1411764710000005,3,268.4
3,259.0,3,0,0,1,1,1,4.06,3,34.6
3,277.0,2,1,0,1,2,1,3.986111111,3,243.7
3,282.6,2,1,0,1,2,1,4.121621622,3,239.5
3,295.1,3,0,0,1,1,1,4.260526316,3,233.4
3,301.5,3,0,0,1,1,1,4.187179487,3,219.3
3,302.0,3,0,0,1,1,1,4.15,3,220.2
3,306.6,3,0,0,1,1,1,4.385365854,3,224.2
3,307.2,3,0,0,1,1,1,4.369047619,3,223.9
3,323.9,3,0,0,1,1,1,4.3,3,198.5
3,323.9,3,0,0,1,1,1,4.311363636,3,210.9
3,340.2,2,1,0,1,1,2,4.346666667,3,197.7
3,348.3,1,2,0,1,2,2,4.4,3,191.3
3,349.9,1,2,0,1,2,2,4.463829787,3,194.7
3,353.4,1,2,0,1,2,2,4.470833333,3,192.4
3,358.7,1,2,0,2,1,2,4.440816327,3,187.7
3,367.1,0,3,0,2,2,2,4.476,3,182.3
3,381.2,0,3,0,2,2,2,4.443137255,3,143.7
3,389.7,1,2,0,1,2,2,4.392307692,3,160.9
3,402.2,1,2,0,1,2,2,4.498113208,3,150.2
3,410.2,1,2,0,1,2,2,4.455555556,3,141.8
3,425.6,2,1,0,1,1,2,4.423636364,3,130.0
3,426.8,2,1,0,1,1,2,4.414285714,3,131.5
3,427.0,2,1,0,1,1,2,4.357894737,3,135.2
3,437.6,2,1,0,1,1,2,4.460344828,3,677.6
3,440.0,2,1,0,1,1,2,4.43559322,3,122.4
3,462.7,1,2,0,1,2,2,4.475,3,141.1
3,466.0,1,2,0,1,2,2,4.642622951,3,657.2
3,468.8,1,2,0,1,2,2,4.617741935,3,94.6
3,491.8,2,1,0,1,1,2,4.56984127,3,78.5
3,531.7,0,0,3,3,3,3,4.55,3,40.5
3,545.3,0,1,2,2,3,3,4.504615385,3,34.0
3,546.3,0,0,3,3,3,3,4.546969697,3,70.6
3,555.3,0,0,2,3,0,3,4.52238806,2,25.6
3,559.7,0,1,2,3,2,3,4.572058824,3,228.4
3,564.2,0,1,2,3,2,3,4.591304348,3,115.4
3,568.1,1,2,0,1,2,2,4.767142857,3,557.4
3,575.7,2,1,0,1,1,2,4.733802817,3,13.0
3,581.8,1,1,1,3,1,2,4.683333333,3,28.8
3,587.9,2,1,0,1,1,2,4.647945205,3,92.1
3,588.0,2,1,0,1,1,2,4.613513514,3,111.1
3,607.9,1,1,1,1,3,2,4.597333333,3,191.0
3,614.3,2,1,0,1,1,2,4.615789474,3,379.1
3,615.9,2,1,0,1,1,2,4.641558442,3,390.4
3,619.5,2,0,1,1,1,3,4.658974359,3,396.3
3,627.7,3,0,0,1,1,1,4.613924051000001,3,20.7
3,628.4,3,0,0,1,1,1,4.64125,3,401.8
3,645.0,2,1,0,2,1,1,4.625925926,3,302.8
3,652.9,2,1,0,1,1,2,4.658536585,3,485.0
3,653.7,2,1,0,1,1,2,4.654216867,3,299.1
3,656.6,2,1,0,1,1,2,4.703571429,3,482.9
3,659.2,1,2,0,1,2,2,4.705882353,3,483.2
3,664.4,1,2,0,1,2,2,4.673255814,3,27.7
3,678.1,1,2,0,1,2,2,4.640229885,3,117.9
3,678.4,1,2,0,1,2,2,4.6034090910000005,3,22.8
3,679.2,1,2,0,1,2,2,4.58988764,3,333.7
3,684.9,0,2,1,2,2,3,4.5588888889999994,3,117.4
3,686.1,0,2,0,2,2,0,4.534065934,2,300.0
3,693.9,0,2,1,3,2,2,4.631521739,3,451.3
3,700.9,2,0,1,1,1,3,4.674193548,3,446.4
3,702.5,2,0,1,1,1,3,4.696808511,3,453.4
3,718.6,3,0,0,1,1,1,4.715789474,3,444.1
3,718.9,3,0,0,1,1,1,4.75,3,445.5
3,764.5,1,2,0,1,2,2,4.770103093,3,404.7
3,773.0,1,2,0,1,2,2,4.783673469,3,399.4
3,794.1,1,1,1,1,3,2,4.746464646000001,3,100.7
3,799.8,2,0,1,1,1,3,4.751,3,376.1
3,801.4,2,0,1,1,1,3,4.761386139,3,377.1
3,802.0,2,0,1,1,1,3,4.759803922,3,258.4
3,806.4,3,0,0,1,1,1,4.768932039,3,374.7
3,807.9,3,0,0,1,1,1,4.743269231,3,225.6
3,811.9,3,0,0,1,1,1,4.745714286,3,372.4
3,813.9,3,0,0,1,1,1,4.788679245,3,385.6
3,846.6,3,0,0,1,1,1,4.771028037,3,337.7
3,851.7,2,1,0,2,1,1,4.774074074,3,362.7
3,861.3,2,1,0,1,1,2,4.776146788999999,3,361.0
3,869.5,1,2,0,1,2,2,4.839090908999999,3,357.8
3,869.7,1,2,0,1,2,2,4.8090090089999995,3,257.2
3,880.6,0,2,0,0,2,2,4.802678571,2,322.1
3,885.1,1,2,0,1,2,2,4.859292035,3,362.2
3,895.5,1,1,1,1,3,2,4.828070175,3,232.9
3,899.4,2,1,0,1,1,2,4.83826087,3,349.0
3,899.4,2,1,0,1,1,2,4.821551724,3,291.8
3,913.5,2,1,0,1,1,2,4.802564103,3,281.4
3,913.8,2,1,0,1,1,2,4.824576271000001,3,352.8
3,928.4,1,2,0,1,2,2,4.793277311000001,3,28.7
3,940.1,0,3,0,2,2,2,4.775,3,314.3
3,943.1,0,3,0,2,2,2,4.763636364,3,315.4
3,957.4,1,1,1,1,3,2,4.736885246,3,175.3
3,974.9,0,3,0,2,2,2,4.725203252,3,290.8
3,977.8,0,3,0,2,2,2,4.818548387,3,346.5
3,1002.9,1,2,0,1,2,2,4.8112,3,264.2
3,1003.0,1,2,0,1,2,2,4.787301587,3,155.7
3,1007.3,1,1,1,1,2,3,4.766929134,3,249.7
3,1014.1,1,1,1,1,2,3,4.7546875,3,256.9
3,1016.5,1,1,1,1,3,2,4.871317829,3,324.1
3,1016.8,1,1,1,1,3,2,4.851538462,3,257.2
3,1023.5,2,1,0,1,1,2,4.845801527,3,250.7
3,1026.0,1,2,0,2,1,2,4.828787879,3,250.3
3,1029.5,1,2,0,2,1,2,4.808270676999999,3,255.9
3,1031.2,0,2,1,2,3,2,4.785820896000001,3,156.0
3,1034.8,0,1,2,3,3,2,4.862222222,3,386.3
3,1041.6,2,1,0,1,1,2,4.840441176000001,3,247.8
3,1042.7,2,1,0,1,1,2,4.828467153,3,248.6
3,1053.1,2,1,0,1,1,2,4.875362319,3,268.2
3,1054.6,2,1,0,1,1,2,4.88705036,3,258.1
3,1054.6,2,1,0,1,1,2,4.916428571,3,330.0
3,1063.4,2,0,1,1,1,3,4.904255319,3,231.1
3,1065.7,3,0,0,1,1,1,4.893661972,3,236.6
3,1068.5,3,0,0,1,1,1,4.940559441,3,353.7
3,1074.6,3,0,0,1,1,1,4.913194444,3,73.7
3,1079.4,3,0,0,1,1,1,4.924137931000001,3,354.2
3,1079.7,3,0,0,1,1,1,4.928767123,3,277.5
3,1080.0,2,1,0,2,1,1,4.934693878,3,353.8
3,1082.1,2,1,0,2,1,1,4.993243243,3,363.8
3,1088.7,2,1,0,2,1,1,4.983221477,3,246.9
3,1111.2,0,3,0,2,2,2,4.992666667,3,335.4
3,1114.9,0,3,0,2,2,2,4.989403974,3,245.5
3,1118.9,0,2,1,2,2,3,4.964473684,3,47.3
3,1126.1,0,1,2,2,3,3,4.940522876,3,63.2
3,1126.9,0,0,3,3,3,3,4.969480518999999,3,325.5
3,1130.1,0,1,2,2,3,3,4.956774193999999,3,245.9
3,1133.4,0,0,3,3,3,3,4.957051282,3,319.6
3,1141.9,0,0,3,3,3,3,4.940127389,3,155.8
3,1160.0,0,1,2,2,3,3,4.931012658,3,228.6
3,1168.5,0,1,2,2,3,3,4.939622642,3,289.5
3,1178.6,0,1,2,2,3,3,4.9325,3,227.4
3,1186.0,0,0,3,3,3,3,4.911801242,3,33.5
3,1187.1,0,0,2,3,3,0,4.895061728,2,145.5
3,1199.9,1,1,1,3,1,2,4.910429448,3,259.6
3,1212.8,2,1,0,1,1,2,4.9310975610000005,3,251.5
3,1217.5,1,1,1,1,3,2,4.930909091,3,189.4
3,1221.0,1,1,1,1,3,2,4.910240964,3,57.9
3,1233.7,1,1,1,3,1,2,4.895808383,3,110.4
3,1236.8,1,1,1,3,1,2,4.883333333,3,157.4
3,1237.9,1,1,1,3,1,2,4.906508876,3,226.6
3,1239.6,1,2,0,2,1,2,4.942941176000001,3,227.3
3,1248.9,0,1,2,2,3,3,4.922807018,3,38.6
3,1256.9,0,1,2,2,3,3,4.9197674419999995,3,215.7
3,1268.7,0,0,3,3,3,3,4.913294798,3,204.6
3,1274.3,0,1,2,3,2,3,4.90862069,3,202.7
3,1282.1,1,2,0,1,2,2,4.901142857,3,195.0
3,1291.0,1,1,1,1,3,2,4.908522727,3,187.0
3,1291.4,1,1,1,1,3,2,4.91920904,3,189.3
3,1297.8,1,1,1,1,3,2,4.899438202,3,39.3
3,1304.5,1,1,1,1,3,2,4.879329609,3,34.6
3,1308.1,2,1,0,1,1,2,4.868888889,3,135.1
3,1326.8,1,0,2,3,1,3,4.86961326,3,154.3
3,1337.8,0,0,3,3,3,3,4.859340659,3,146.4
3,1340.0,0,1,2,2,3,3,4.846994536,3,73.4
3,1343.8,0,2,1,2,2,3,4.82826087,3,35.2
3,1355.0,0,2,1,2,2,3,4.86,3,131.1
3,1356.1,0,2,1,2,2,3,4.852150538,3,131.1
3,1362.1,0,1,2,3,2,3,4.849197861,3,125.4
3,1366.3,0,3,0,2,2,2,4.838829787,3,124.3
3,1370.7,0,3,0,2,2,2,4.8306878310000005,3,121.1
3,1382.5,0,3,0,2,2,2,4.8415789469999995,3,114.3
3,1400.0,1,2,0,1,2,2,4.868586387,3,101.3
3,1405.3,1,2,0,1,2,2,4.944270833,3,122.3
3,1429.7,1,0,2,1,3,3,4.98238342,3,74.0
3,1435.5,0,0,3,3,3,3,4.985051546,3,82.9
3,1439.5,0,1,2,3,2,3,4.969230769,3,0.1
3,1442.6,1,2,0,1,2,2,4.9709183669999994,3,76.5
3,1466.2,0,0,3,3,3,3,4.960406091,3,27.3
3,1468.5,0,0,3,3,3,3,4.94040404,3,26.6
3,1480.9,0,0,3,3,3,3,4.929145729,3,30.4
3,1484.5,0,0,3,3,3,3,4.9215,3,44.1
3,2.9,0,0,1,3,0,0,2.0,1,0.0
3,16.3,0,1,1,3,2,0,2.25,2,0.0
3,18.8,0,1,1,3,2,0,2.0,2,0.0
3,22.0,0,1,1,3,2,0,2.275,2,0.0
3,43.9,1,0,1,0,1,3,2.38,2,0.0
3,45.4,1,0,1,0,1,3,3.6,2,1.3
3,45.4,1,0,1,0,1,3,4.1,2,0.9
3,51.1,0,0,2,0,3,3,5.3625,2,33.8
3,58.5,1,0,1,0,1,3,5.233333333,2,0.0
3,79.6,0,3,0,2,2,2,5.25,3,2.3
3,90.0,0,2,1,2,3,2,5.309090909,3,21.5
3,93.8,1,1,1,1,3,2,5.183333333,3,23.6
3,97.3,1,1,1,1,3,2,5.384615385,3,46.4
3,106.9,2,1,0,1,1,2,5.085714286,3,18.9
3,109.8,2,1,0,1,1,2,4.826666667,3,17.2
3,129.4,2,0,0,1,0,1,4.71875,2,16.3
3,129.8,2,0,0,1,0,1,6.170588235,2,201.3
3,146.4,1,0,2,3,3,1,5.905555556,3,2.4
3,154.0,1,0,1,3,0,1,5.726315789,2,0.0
3,157.0,1,0,1,0,3,1,6.01,2,0.0
3,161.7,1,1,1,2,3,1,5.771428571,3,6.7
3,166.1,1,1,1,2,3,1,5.763636364,3,5.8
3,172.8,1,1,1,3,2,1,5.5913043479999995,3,4.7
3,174.6,1,1,1,3,2,1,5.525,3,4.7
3,183.4,1,0,0,0,0,1,5.428,1,15.5
3,186.4,3,0,0,1,1,1,5.369230769,3,15.6
3,186.9,3,0,0,1,1,1,5.292592593,3,17.8
3,194.6,2,1,0,2,1,1,5.385714286,3,11.3
3,196.0,2,1,0,2,1,1,5.3068965519999995,3,12.0
3,197.6,2,1,0,2,1,1,5.41,3,131.2
3,212.1,1,0,1,0,1,3,5.370967742,2,13.4
3,225.0,3,0,0,1,1,1,5.309375,3,9.2
3,231.1,2,0,0,1,0,1,5.26969697,2,11.3
3,233.7,2,1,0,1,2,1,5.164705882,3,3.9
3,236.6,1,1,1,3,2,1,5.045714286,3,2.7
3,239.2,1,1,1,3,2,1,4.936111111000001,3,1.1
3,271.8,1,2,0,2,2,1,4.859459459,3,64.9
3,286.1,0,3,0,2,2,2,4.926315788999999,3,52.7
3,287.9,0,3,0,2,2,2,5.164102563999999,3,58.3
3,289.1,0,3,0,2,2,2,5.225,3,63.3
3,291.1,0,3,0,2,2,2,5.173170732,3,46.1
3,291.4,0,3,0,2,2,2,5.116666667,3,69.1
3,291.9,0,3,0,2,2,2,5.113953488,3,75.4
3,302.4,0,3,0,2,2,2,5.061363636,3,65.8
3,307.1,0,3,0,2,2,2,4.98,3,33.2
3,308.7,0,3,0,2,2,2,5.010869565,3,62.3
3,313.2,1,2,0,1,2,2,5.031914894,3,59.7
3,316.5,1,2,0,1,2,2,5.120833333,3,60.9
3,320.5,1,2,0,1,2,2,5.087755102,3,58.4
3,322.6,1,2,0,1,2,2,5.02,3,49.7
3,341.9,0,0,2,0,3,3,5.035294118,2,53.2
3,346.8,0,1,2,2,3,3,4.975,3,39.9
3,357.0,0,0,3,3,3,3,4.962264151,3,38.3
3,364.6,2,1,0,1,1,2,4.9314814810000005,3,35.0
3,368.7,1,0,2,3,1,3,4.86,3,13.7
3,370.7,1,0,2,3,1,3,4.816071429,3,30.2
3,376.9,0,1,2,2,3,3,4.750877193,3,26.0
3,381.6,0,1,2,2,3,3,4.846551723999999,3,22.2
3,395.9,0,1,2,3,3,2,4.788135593,3,7.4
3,406.6,1,0,2,1,3,3,4.913333333,3,0.0
3,415.1,0,0,2,0,3,3,4.985245902,2,0.0
3,420.6,0,0,2,0,3,3,4.95,2,0.0
3,430.5,1,0,1,1,3,0,4.949206349,2,0.0
3,439.8,2,0,1,1,1,3,4.9578125,3,0.0
3,440.6,2,0,1,1,1,3,4.910769231000001,3,10.9
3,444.3,2,0,1,1,1,3,4.9227272730000005,3,102.8
3,444.7,2,0,1,1,1,3,4.892537313,3,75.6
3,448.0,2,1,0,1,1,2,4.879411765,3,107.0
3,457.6,2,1,0,1,1,2,4.894202899,3,121.8
3,473.5,3,0,0,1,1,1,4.848571429,3,85.5
3,477.7,3,0,0,1,1,1,4.825352113,3,89.7
3,483.4,3,0,0,1,1,1,4.919444444,3,101.9
3,485.9,2,1,0,1,2,1,4.936986301,3,102.2
3,487.8,1,2,0,1,2,2,4.978378378,3,117.8
3,494.2,2,1,0,2,1,1,4.956,3,84.4
3,498.1,2,1,0,2,1,1,4.986842105,3,109.8
3,509.1,2,1,0,2,1,1,4.971428571000001,3,98.9
3,509.5,2,1,0,2,1,1,4.935897436,3,72.4
3,514.1,2,1,0,2,1,1,4.887341772,3,38.7
3,523.1,2,0,1,3,1,1,4.85125,3,37.6
3,533.4,3,0,0,1,1,1,4.927160494,3,81.8
3,533.7,3,0,0,1,1,1,4.881707317,3,36.9
3,536.3,3,0,0,1,1,1,4.836144578,3,58.0
3,538.7,2,1,0,1,1,2,4.813095238,3,73.1
3,541.6,3,0,0,1,1,1,4.769411765,3,53.8
3,543.3,3,0,0,1,1,1,4.776744186,3,78.1
3,547.1,1,1,1,2,1,3,4.737931034,3,49.8
3,551.9,1,1,1,2,1,3,5.054545455,3,115.8
3,552.8,1,1,1,2,1,3,5.041573034,3,73.4
3,559.3,1,1,1,3,1,2,5.081111111,3,70.8
3,569.2,2,0,1,1,1,3,5.086813187,3,57.1
3,578.0,2,1,0,1,2,1,5.118478261,3,76.0
3,578.7,1,1,1,3,2,1,5.095698925,3,48.1
3,581.1,0,1,2,3,2,3,5.069148936,3,33.6
3,582.2,0,1,2,3,2,3,5.0705263160000005,3,96.6
3,588.9,0,1,2,3,2,3,5.148958333,3,95.1
3,592.1,0,1,2,3,2,3,5.231958763,3,104.5
3,616.2,0,1,2,2,3,3,5.306122449,3,97.2
3,616.7,0,1,2,2,3,3,5.368686868999999,3,97.1
3,621.9,0,1,2,3,2,3,5.4910000000000005,3,94.1
3,626.4,0,0,3,3,3,3,5.4475247520000005,3,3.4
3,628.2,0,0,3,3,3,3,5.415686275,3,3.7
3,635.8,1,1,1,1,2,3,5.3834951460000005,3,2.9
3,639.0,1,1,1,1,2,3,5.472115385,3,86.3
3,646.8,1,2,0,1,2,2,5.51047619,3,79.1
3,654.9,1,1,1,1,3,2,5.517924527999999,3,78.7
3,657.9,1,1,1,1,3,2,5.479439252000001,3,4.1
3,663.7,1,1,0,1,0,2,5.438888888999999,2,14.8
3,679.6,0,0,3,3,3,3,5.3981651379999995,3,0.0
3,689.7,1,0,2,1,3,3,5.396363636,3,45.7
3,689.9,1,0,2,1,3,3,5.400900901,3,50.0
3,692.4,0,0,2,0,3,3,5.421428571,2,53.4
3,695.3,0,0,2,0,3,3,5.392035397999999,2,5.0
3,703.1,1,0,1,1,0,3,5.3649122810000005,2,37.5
3,730.5,0,0,3,3,3,3,5.384347826,3,23.0
3,734.4,0,0,3,3,3,3,5.375,3,21.1
3,757.6,1,0,2,1,3,3,5.442735043,3,2.2
3,766.9,1,0,2,1,3,3,5.418644068,3,0.0
3,778.5,2,1,0,1,1,2,5.38907563,3,4.3
3,784.1,1,1,1,1,3,2,5.356666667,3,0.6
3,785.9,1,1,1,1,3,2,5.328099174,3,3.7
3,789.1,1,2,0,1,2,2,5.319672131,3,10.6
3,797.1,1,2,0,1,2,2,5.318699187,3,6.0
3,805.7,1,0,2,1,3,3,5.376612903,3,0.0
3,823.5,1,0,1,1,3,0,5.3472,2,0.0
3,835.8,1,0,1,1,0,3,5.3833333329999995,2,0.0
3,838.0,1,0,1,1,0,3,5.509448819,2,97.4
3,854.8,2,1,0,1,1,2,5.5140625,3,50.0
3,855.4,2,1,0,1,1,2,5.480620155,3,3.3
3,861.3,2,0,1,3,1,1,5.4576923079999995,3,0.0
3,879.0,3,0,0,1,1,1,5.452671756,3,24.7
3,882.9,2,1,0,1,1,2,5.423484847999999,3,9.8
3,884.1,2,1,0,1,1,2,5.401503759,3,14.8
3,891.5,2,1,0,1,1,2,5.3828358210000005,3,16.2
3,893.2,2,0,1,1,1,3,5.374074074,3,17.4
3,895.6,2,0,0,1,1,0,5.342647059,2,15.3
3,899.2,2,0,1,1,3,1,5.316058394,3,12.8
3,906.0,0,1,2,3,2,3,5.416666667,3,37.2
3,912.5,0,1,2,2,3,3,5.441007194,3,21.8
3,918.4,0,2,0,2,2,0,5.43,2,1.7
3,924.4,0,1,0,0,2,0,5.4134751770000005,1,5.2
3,935.0,0,2,1,3,2,2,5.416901407999999,3,27.4
3,939.8,0,1,2,3,3,2,5.408391608,3,17.0
3,962.3,2,0,1,1,1,3,5.402777778,3,1.2
3,966.2,1,0,2,1,3,3,5.4268965520000005,3,10.5
3,987.2,1,0,1,3,1,0,5.397260274,2,0.0
3,988.1,1,0,2,3,1,3,5.3945578229999995,3,0.0
3,989.1,1,0,2,3,1,3,5.369594595,3,0.0
3,996.6,1,0,0,0,1,0,5.425503356,1,25.3
3,996.7,1,0,1,3,1,0,5.418666667,2,0.0
3,997.0,1,0,1,3,1,0,5.457615894,2,104.7
3,997.0,1,0,2,3,1,3,5.458552632000001,3,0.0
3,1009.9,3,0,0,1,1,1,5.430718954,3,3.3
3,1050.7,2,1,0,1,1,2,5.405844156000001,3,8.6
3,1060.4,2,0,1,1,1,3,5.422580645,3,10.3
3,1067.8,2,1,0,1,1,2,5.409615385,3,1.9
3,1077.9,1,1,1,1,3,2,5.412101911000001,3,29.8
3,1079.8,0,2,1,3,2,2,5.386708861000001,3,0.0
3,1090.2,2,1,0,1,1,2,5.4220125789999996,3,22.8
3,1095.8,1,2,0,1,2,2,5.4,3,2.3
3,1105.2,1,1,1,1,2,3,5.41552795,3,8.3
3,1112.6,1,0,2,1,3,3,5.396296296,3,8.8
3,1113.3,1,0,2,1,3,3,5.404907975,3,28.4
3,1143.8,0,2,1,2,3,2,5.415853659,3,13.7
3,1157.9,1,1,1,1,2,3,5.426060606,3,0.4
3,1164.5,1,0,2,1,3,3,5.39939759,3,0.2
3,1165.7,0,0,1,3,0,0,5.395808382999999,1,0.0
3,1176.5,0,1,1,2,3,0,5.3803571429999995,2,0.0
3,1176.9,0,1,2,2,3,3,5.426627218999999,3,0.0
3,1177.1,0,1,2,2,3,3,5.434705882,3,2.2
3,1183.9,0,1,2,2,3,3,5.411695906,3,2.0
3,1184.0,0,1,2,2,3,3,5.404069767,3,2.1
3,1198.7,3,0,0,1,1,1,5.512138727999999,3,111.2
3,1200.6,3,0,0,1,1,1,5.503448276,3,63.1
3,1204.4,3,0,0,1,1,1,5.481714286,3,60.0
3,1207.7,3,0,0,1,1,1,5.4590909089999995,3,58.4
3,1212.6,3,0,0,1,1,1,5.461016948999999,3,55.1
3,1223.1,3,0,0,1,1,1,5.467977528,3,56.8
3,1236.6,2,1,0,2,1,1,5.4469273739999995,3,39.1
3,1239.7,2,1,0,2,1,1,5.4405555560000005,3,73.0
3,1241.2,2,1,0,2,1,1,5.4309392270000005,3,75.8
3,1244.0,2,1,0,2,1,1,5.443406593,3,76.7
3,1249.2,2,1,0,2,1,1,5.46010929,3,73.0
3,1249.5,2,1,0,2,1,1,5.4375,3,29.2
3,1253.1,2,1,0,2,1,1,5.413513514,3,20.4
3,1263.4,2,1,0,2,1,1,5.409677418999999,3,65.0
3,1266.0,1,0,2,3,1,3,5.3898395720000005,3,64.7
3,1273.9,2,0,1,1,1,3,5.367021277,3,12.7
3,1275.9,1,1,1,1,3,2,5.346031746,3,56.5
3,1275.9,1,1,1,1,3,2,5.326315789,3,57.2
3,1285.0,1,1,1,1,3,2,5.311518325,3,48.8
3,1285.4,1,1,1,1,3,2,5.325520833,3,49.3
3,1287.9,1,1,0,1,0,2,5.332642487,2,48.4
3,1304.3,1,2,0,1,2,2,5.327319588,3,38.4
3,1314.1,0,1,2,3,3,2,5.380512821,3,96.7
3,1314.5,0,1,2,3,3,2,5.384693877999999,3,28.5
3,1319.6,0,1,2,3,3,2,5.362436548,3,14.4
3,1320.4,0,1,2,3,3,2,5.3636363639999995,3,38.2
3,1322.1,0,1,2,3,3,2,5.352763819,3,17.6
3,1350.1,1,1,0,1,2,0,5.3405,2,17.5
3,2.7,1,0,1,1,0,3,17.6,2,0.0
3,7.7,1,0,2,1,3,3,10.05,3,0.0
3,31.2,1,0,1,3,1,0,7.2,2,0.0
3,46.3,0,0,1,3,0,0,6.475,1,0.0
3,64.2,0,1,1,0,2,3,5.74,2,0.0
3,67.6,0,2,1,2,2,3,5.3,3,0.0
3,77.7,0,0,1,0,3,0,5.528571428999999,1,0.0
3,91.3,0,2,1,2,3,2,5.075,3,0.0
3,95.7,0,1,1,3,0,2,5.166666667,2,0.0
3,96.2,0,1,2,3,3,2,4.78,3,0.0
3,99.5,0,1,2,3,3,2,4.872727273,3,0.0
3,102.0,0,1,1,0,3,2,4.75,2,11.5
3,112.1,2,1,0,1,1,2,4.792307692,3,15.0
3,123.1,1,2,0,1,2,2,4.928571429,3,9.0
3,146.1,2,0,1,1,1,3,4.826666667,3,0.0
3,148.9,2,0,1,1,1,3,5.14375,3,11.7
3,153.6,2,1,0,1,1,2,5.364705882,3,9.4
3,158.6,2,1,0,1,1,2,5.6444444439999995,3,13.3
3,159.6,1,2,0,2,1,2,5.6421052629999995,3,20.3
3,159.8,1,2,0,2,1,2,5.45,3,10.4
3,161.7,1,1,1,3,1,2,5.361904762,3,20.6
3,171.4,1,0,2,1,3,3,5.186363636,3,0.6
3,174.1,1,0,1,1,0,3,5.004347826,2,11.4
3,176.0,2,0,1,1,1,3,5.020833333,3,9.9
3,179.7,2,0,1,1,1,3,5.1,3,11.6
3,181.0,1,0,2,1,3,3,5.042307692,3,5.5
3,181.5,1,0,2,1,3,3,5.044444444,3,93.6
3,184.6,1,0,2,1,3,3,4.921428571,3,5.5
3,212.3,3,0,0,1,1,1,4.968965517,3,64.1
3,224.1,2,1,0,1,1,2,4.856666667,3,56.1
3,249.4,1,2,0,1,2,2,4.8,3,32.4
3,249.8,1,2,0,1,2,2,4.721875,3,32.9
3,254.8,1,2,0,1,2,2,4.736363636,3,28.5
3,256.4,1,2,0,1,2,2,5.176470588,3,67.9
3,261.8,0,3,0,2,2,2,5.242857143,3,23.2
3,266.7,0,3,0,2,2,2,5.2,3,18.2
3,272.6,0,3,0,2,2,2,5.486486486,3,15.9
3,273.4,0,3,0,2,2,2,5.428947367999999,3,19.1
3,274.3,0,3,0,2,2,2,5.4461538460000005,3,58.1
3,277.4,0,1,2,3,3,2,5.37,3,18.4
3,286.0,0,0,3,3,3,3,5.275609756000001,3,2.6
3,294.6,1,0,2,1,3,3,5.526190476,3,39.7
3,304.4,2,0,0,1,1,0,5.520930233,2,34.1
3,306.8,2,1,0,2,1,1,5.495454545,3,16.9
3,308.5,2,1,0,2,1,1,5.62,3,35.3
3,309.8,2,1,0,2,1,1,5.739130435,3,34.2
3,311.3,2,1,0,2,1,1,5.861702127999999,3,52.7
3,320.8,2,1,0,2,1,1,5.76875,3,5.3
3,322.3,2,1,0,2,1,1,5.673469387999999,3,27.8
3,325.5,0,1,2,2,3,3,5.654,3,29.4
3,335.7,0,0,3,3,3,3,5.652941176000001,3,19.4
3,342.4,0,0,3,3,3,3,5.607692308,3,28.9
3,347.9,0,0,3,3,3,3,5.537735849,3,11.7
3,352.7,0,0,2,3,0,3,5.47037037,2,21.9
3,357.0,0,1,2,3,2,3,5.398181817999999,3,3.7
3,364.4,1,1,1,1,3,2,5.335714286,3,11.1
3,373.0,0,1,2,3,3,2,5.614035088,3,281.3
3,375.4,0,1,2,3,3,2,5.539655172000001,3,1.1
3,375.8,0,1,2,3,3,2,5.733898305,3,62.0
3,379.4,0,1,0,2,0,0,5.89,1,259.3
3,383.0,1,0,1,1,3,0,5.831147541,2,0.0
3,385.1,1,0,2,1,3,3,5.791935484,3,0.0
3,392.0,3,0,0,1,1,1,5.755555556,3,4.2
3,397.5,2,0,1,1,1,3,5.7234375,3,16.5
3,402.2,2,0,0,1,1,0,5.816923077,2,128.2
3,402.7,2,0,0,1,1,0,5.831818182,2,111.7
3,408.2,3,0,0,1,1,1,5.886567164,3,122.3
3,411.3,2,1,0,1,1,2,5.814705882,3,19.0
3,416.7,1,1,1,3,1,2,5.898550725,3,133.9
3,420.8,1,2,0,2,1,2,5.988571428999999,3,174.1
3,443.1,2,0,1,1,1,3,5.94084507,3,72.2
3,444.6,2,0,1,1,1,3,5.930555556,3,72.2
3,447.3,2,0,1,1,1,3,5.975342466,3,215.4
3,458.5,3,0,0,1,1,1,5.932432432000001,3,59.4
3,488.0,1,1,0,0,2,1,5.881333333,2,52.0
3,489.8,2,1,0,1,2,1,5.827631579,3,52.3
3,493.7,2,1,0,1,2,1,5.832467532000001,3,72.6
3,496.6,2,1,0,1,2,1,5.812820512999999,3,57.5
3,499.7,2,1,0,1,2,1,5.797468353999999,3,111.6
3,501.8,2,1,0,1,2,1,5.76125,3,44.5
3,502.6,2,1,0,1,2,1,5.714814815,3,52.5
3,505.4,1,2,0,1,2,2,5.659756098,3,51.7
3,520.2,0,0,3,3,3,3,5.701204819,3,155.3
3,522.5,1,2,0,1,2,2,5.70952381,3,149.4
3,528.1,1,2,0,1,2,2,5.698823528999999,3,156.5
3,531.2,0,1,2,3,2,3,5.644186047000001,3,12.7
3,534.2,0,1,2,3,2,3,5.640229885,3,157.8
3,536.9,0,1,2,3,2,3,5.592045455,3,25.3
3,556.7,0,0,3,3,3,3,5.604494382,3,140.3
3,567.1,2,0,1,3,1,1,5.62,3,130.1
3,579.5,2,1,0,1,2,1,5.569230769,3,5.8
3,580.0,2,1,0,1,2,1,5.52173913,3,6.3
3,584.6,2,1,0,1,2,1,5.491397849,3,13.6
3,587.3,2,0,1,1,3,1,5.472340426000001,3,25.6
3,590.1,3,0,0,1,1,1,5.468421052999999,3,114.1
3,607.6,0,1,0,2,0,0,5.432291667,1,26.2
3,618.0,2,1,0,1,1,2,5.395876288999999,3,16.8
3,626.8,2,1,0,1,1,2,5.494897958999999,3,82.5
3,627.4,2,1,0,1,1,2,5.567676767999999,3,414.4
3,637.7,1,2,0,2,1,2,5.567,3,86.7
3,647.4,1,1,1,3,1,2,5.52970297,3,6.4
3,650.1,1,1,1,3,1,2,5.502941176,3,24.8
3,653.1,1,1,1,3,1,2,5.459223301000001,3,2.5
3,655.5,1,0,2,3,1,3,5.486538462,3,350.0
3,656.7,1,0,1,0,1,3,5.4619047620000005,2,62.0
3,658.9,2,0,1,1,1,3,5.464150943,3,91.3
3,686.4,0,2,1,2,2,3,5.5140186920000005,3,362.8
3,690.1,0,2,0,2,2,0,5.476851852,2,39.8
3,690.6,0,2,0,2,2,0,5.455045872,2,60.0
3,707.3,2,0,1,1,1,3,5.457272727,3,262.7
3,711.4,2,0,1,1,1,3,5.481081081,3,303.1
3,711.9,2,0,1,1,1,3,5.479464286,3,278.0
3,723.1,2,0,1,1,1,3,5.534513274,3,336.9
3,727.6,2,0,1,1,1,3,5.509649122999999,3,205.8
3,742.0,3,0,0,1,1,1,5.519130435,3,312.5
3,744.0,2,1,0,1,1,2,5.489655172000001,3,210.4
3,752.0,1,0,2,1,3,3,5.492307692000001,3,322.7
3,763.7,3,0,0,1,1,1,5.483050847,3,316.8
3,763.8,3,0,0,1,1,1,5.542016807,3,576.9
3,766.1,3,0,0,1,1,1,5.62,3,575.2
3,767.4,3,0,0,1,1,1,5.637190082999999,3,619.6
3,770.0,3,0,0,1,1,1,5.6418032789999994,3,429.5
3,772.6,3,0,0,1,1,1,5.691869919,3,677.9
3,777.0,3,0,0,1,1,1,5.688709677,3,427.7
3,788.6,3,0,0,1,1,1,5.7464,3,663.0
3,793.5,3,0,0,1,1,1,5.7809523810000005,3,619.9
3,797.5,3,0,0,1,1,1,5.8259842520000005,3,664.8
3,798.8,3,0,0,1,1,1,5.79140625,3,84.4
3,809.9,2,1,0,1,1,2,5.7899224810000005,3,543.3
3,814.3,2,1,0,1,1,2,5.7684615379999995,3,253.0
3,815.7,2,1,0,1,1,2,5.761068702,3,540.5
3,822.9,2,1,0,1,1,2,5.725757576,3,66.2
3,827.1,1,2,0,1,2,2,5.698496241,3,157.0
3,829.4,2,1,0,1,1,2,5.66641791,3,127.1
3,840.5,2,1,0,1,1,2,5.646666667000001,3,257.2
3,843.5,3,0,0,1,1,1,5.622794118,3,170.3
3,908.7,3,0,0,1,1,1,5.6160583939999995,3,465.9
3,913.3,3,0,0,1,1,1,5.625362319,3,518.8
3,917.2,3,0,0,1,1,1,5.650359712,3,556.6
3,951.8,2,1,0,2,1,1,5.667142857000001,3,532.7
3,952.5,2,1,0,2,1,1,5.635460993,3,54.2
3,953.7,2,1,0,2,1,1,5.697183099,3,615.4
3,955.4,2,0,1,3,1,1,5.6678321679999994,3,67.2
3,957.0,2,0,1,3,1,1,5.652777778,3,211.7
3,963.8,1,2,0,1,2,2,5.626206897,3,73.4
3,976.9,0,3,0,2,2,2,5.616438356000001,3,216.9
3,984.2,0,2,1,3,2,2,5.613605442000001,3,480.3
3,987.2,1,2,0,1,2,2,5.589864865,3,73.9
3,987.6,1,2,0,1,2,2,5.58590604,3,504.9
3,1004.2,2,1,0,1,1,2,5.570666667,3,189.5
3,1006.3,2,0,1,1,1,3,5.543046358,3,65.4
3,1026.5,2,1,0,1,1,2,5.5171052629999995,3,48.3
3,1028.4,2,1,0,1,1,2,5.524183007,3,525.8
3,1033.7,2,1,0,1,1,2,5.516233766,3,411.2
3,1055.4,1,0,2,1,3,3,5.491612902999999,3,73.6
3,1056.6,1,0,2,1,3,3,5.5108974360000005,3,518.7
3,1069.2,1,0,2,1,3,3,5.489171975,3,253.1
3,1084.3,1,1,1,1,3,2,5.463924051,3,48.4
3,1093.4,2,1,0,1,1,2,5.452830189,3,467.4
3,1101.4,2,0,0,1,1,0,5.43875,2,292.1
3,1104.9,3,0,0,1,1,1,5.414906832000001,3,178.0
3,1107.6,3,0,0,1,1,1,5.387654321,3,181.1
3,1107.6,3,0,0,1,1,1,5.3662576689999995,3,310.3
3,1107.6,3,0,0,1,1,1,5.364634146,3,475.9
3,1109.5,3,0,0,1,1,1,5.354545455,3,474.3
3,1118.5,3,0,0,1,1,1,5.360843373,3,469.0
3,1118.8,3,0,0,1,1,1,5.350299401,3,469.8
3,1125.0,3,0,0,1,1,1,5.38452381,3,467.2
3,1135.7,3,0,0,1,1,1,5.426627218999999,3,458.2
3,1138.9,2,1,0,1,2,1,5.411176471,3,379.5
3,1168.3,1,2,0,2,2,1,5.3964912279999995,3,385.3
3,1190.2,1,2,0,2,2,1,5.4290697670000005,3,502.4
3,1202.1,1,1,1,1,3,2,5.414450867,3,359.1
3,1213.3,3,0,0,1,1,1,5.402873562999999,3,386.5
3,1215.6,3,0,0,1,1,1,5.381142857,3,179.1
3,1221.3,3,0,0,1,1,1,5.365909091,3,343.2
3,1222.4,3,0,0,1,1,1,5.370621469,3,380.9
3,1228.9,3,0,0,1,1,1,5.396067416,3,467.2
3,1230.1,3,0,0,1,1,1,5.434078212,3,471.3
3,1232.1,3,0,0,1,1,1,5.42,3,377.4
3,1235.8,1,2,0,2,2,1,5.403314917,3,261.7
3,1248.6,0,3,0,2,2,2,5.407142857,3,455.0
3,1253.0,0,3,0,2,2,2,5.4016393439999995,3,453.0
3,1258.3,0,3,0,2,2,2,5.399456522,3,451.4
3,1265.0,0,3,0,2,2,2,5.429189189,3,445.4
3,1281.6,0,3,0,2,2,2,5.462365591,3,432.0
3,1291.0,2,1,0,1,1,2,5.48342246,3,430.3
3,1298.6,2,1,0,1,1,2,5.467553191,3,337.6
3,1305.4,2,1,0,1,1,2,5.475661376000001,3,420.3
3,1318.8,1,2,0,2,1,2,5.482105262999999,3,411.9
3,1326.8,2,1,0,1,1,2,5.558115183,3,507.5
3,1335.6,3,0,0,1,1,1,5.540625,3,274.0
3,1336.9,3,0,0,1,1,1,5.529015544,3,417.7
3,1344.4,1,0,2,3,3,1,5.517525772999999,3,413.5
3,1345.3,1,0,2,3,3,1,5.5,3,337.7
3,1354.5,1,0,2,3,3,1,5.480612245,3,251.9
3,1356.2,1,0,2,3,3,1,5.4766497460000005,3,405.9
3,1359.6,2,0,1,1,3,1,5.493939394,3,407.2
3,1387.7,1,1,1,3,1,2,5.504020101,3,381.6
3,1390.1,1,1,1,3,1,2,5.4879999999999995,3,329.2
3,16.4,1,0,1,1,3,0,4.4,2,0.0
3,27.6,0,1,1,2,3,0,5.25,2,0.0
3,31.0,0,0,2,3,3,0,5.366666667,2,0.0
3,33.4,0,0,3,3,3,3,4.8,3,0.0
3,34.2,0,0,3,3,3,3,4.32,3,0.0
3,37.7,0,0,1,3,0,0,3.85,1,0.0
3,38.7,0,0,2,3,3,0,4.328571429,2,0.0
3,41.4,0,0,2,3,3,0,4.25,2,0.0
3,43.0,0,0,3,3,3,3,4.266666667,3,0.0
3,47.3,0,0,2,3,0,3,4.51,2,0.0
3,85.2,1,1,1,1,3,2,4.2909090910000005,3,0.0
3,96.5,2,1,0,1,1,2,4.091666667,3,25.3
3,102.2,2,1,0,1,1,2,4.146153846,3,25.9
3,106.2,0,3,0,2,2,2,4.242857143,3,26.7
3,112.8,0,3,0,2,2,2,4.22,3,16.8
3,115.8,0,3,0,2,2,2,4.3375,3,40.0
3,119.5,0,3,0,2,2,2,4.570588235,3,37.4
3,121.3,0,3,0,2,2,2,4.577777778,3,29.3
3,133.5,0,1,1,3,2,0,4.6526315789999995,2,25.0
3,138.3,0,2,1,3,2,2,4.75,3,23.6
3,145.0,1,2,0,1,2,2,4.652380952,3,19.5
3,145.1,1,2,0,1,2,2,4.490909091,3,20.1
3,145.5,1,2,0,1,2,2,4.630434783,3,20.8
3,146.2,1,2,0,1,2,2,4.491666667,3,21.0
3,151.8,1,1,1,1,2,3,4.44,3,22.2
3,153.7,1,1,1,1,2,3,4.557692308,3,23.5
3,154.3,1,1,1,1,2,3,4.477777778,3,14.2
3,161.1,0,0,3,3,3,3,4.414285714,3,14.9
3,176.1,0,1,2,3,2,3,4.448275862,3,6.2
3,180.6,0,1,1,0,2,3,4.42,2,4.1
3,188.1,1,0,1,1,0,3,4.7838709680000004,2,0.2
3,189.2,1,0,1,1,0,3,5.140625,2,42.2
3,200.9,1,1,1,1,2,3,5.039393939,3,2.4
3,211.8,1,0,0,1,0,0,5.182352941,1,21.1
3,216.2,0,3,0,2,2,2,5.1028571430000005,3,14.8
3,233.5,0,0,2,0,3,3,5.016666667,2,4.0
3,243.4,0,0,2,3,0,3,4.932432432,2,0.0
3,246.5,0,0,2,3,0,3,4.863157895,2,0.0
3,261.8,0,1,1,2,3,0,4.769230769,2,0.0
3,265.2,0,1,1,2,3,0,4.795,2,0.0
3,266.0,0,1,2,2,3,3,4.702439023999999,3,0.0
3,270.9,0,0,2,3,3,0,4.669047619,2,0.0
3,279.0,0,0,1,0,3,0,4.620930233,1,0.0
3,280.9,1,0,2,1,3,3,4.543181818,3,0.0
3,281.2,1,0,2,1,3,3,4.595555556,3,5.9
3,284.2,1,2,0,1,2,2,4.517391303999999,3,3.1
3,289.2,0,1,1,3,0,2,4.591489362,2,1.4
3,294.9,0,0,2,0,3,3,4.520833333,2,0.0
3,306.6,0,1,1,3,2,0,4.451020408,2,0.0
3,312.2,0,0,1,3,0,0,4.52,1,0.0
3,317.2,0,0,2,3,0,3,4.6784313730000004,2,0.0
3,318.2,0,0,3,3,3,3,4.707692308,3,0.0
3,320.5,0,0,3,3,3,3,4.6830188680000004,3,0.0
3,323.8,0,0,3,3,3,3,4.633333333,3,6.0
3,340.6,0,1,1,2,3,0,4.603636364,2,0.0
3,355.9,2,0,0,1,1,0,4.621428571,2,50.5
3,359.7,2,0,0,1,1,0,4.615789474,2,52.3
3,365.1,2,1,0,1,1,2,4.563793103,3,26.2
3,369.3,2,1,0,1,1,2,4.533898305,3,41.5
3,392.1,1,1,1,1,3,2,4.56,3,22.5
3,395.9,2,1,0,1,1,2,4.544262295,3,20.4
3,399.1,1,2,0,1,2,2,4.493548387,3,17.9
3,404.2,1,2,0,1,2,2,4.5476190480000005,3,14.2
3,417.0,0,0,3,3,3,3,4.503125,3,2.9
3,418.9,0,0,3,3,3,3,4.5538461539999995,3,1.8
3,420.5,0,0,3,3,3,3,4.640909091,3,1.1
3,429.1,0,0,1,0,0,3,4.792537313,1,2.8
3,433.8,0,1,1,2,0,3,5.0058823530000005,2,410.3
3,443.8,0,1,1,0,2,3,4.949275362,2,2.2
3,455.3,1,0,1,1,3,0,4.8985714289999995,2,0.0
3,456.7,1,0,0,1,0,0,5.012676056,1,394.0
3,475.6,3,0,0,1,1,1,4.979166667,3,370.9
3,487.0,3,0,0,1,1,1,4.924657534,3,220.6
3,487.1,3,0,0,1,1,1,4.952702703,3,374.3
3,490.9,3,0,0,1,1,1,5.032,3,372.5
3,494.6,3,0,0,1,1,1,5.031578947,3,369.1
3,494.9,3,0,0,1,1,1,4.994805195,3,354.2
3,511.0,3,0,0,1,1,1,4.969230769,3,357.4
3,511.9,3,0,0,1,1,1,4.958227848,3,362.4
3,512.7,3,0,0,1,1,1,4.9125,3,218.8
3,523.4,3,0,0,1,1,1,5.148148148,3,360.5
3,535.9,3,0,0,1,1,1,5.129268293,3,340.6
3,538.9,3,0,0,1,1,1,5.172289157,3,339.5
3,550.8,3,0,0,1,1,1,5.154761905,3,329.3
3,565.8,3,0,0,1,1,1,5.131764706,3,321.3
3,572.8,3,0,0,1,1,1,5.103488372,3,295.9
3,579.1,3,0,0,1,1,1,5.128735632,3,722.3
3,595.9,3,0,0,1,1,1,5.130681818,3,488.8
3,598.5,2,1,0,1,2,1,5.133707865,3,558.5
3,602.7,2,1,0,1,2,1,5.108888889,3,287.6
3,602.7,2,1,0,1,2,1,5.086813187,3,344.6
3,613.5,2,1,0,1,2,1,5.057608696,3,335.5
3,614.0,2,1,0,1,2,1,5.090322581000001,3,687.9
3,616.8,2,1,0,1,2,1,5.064893617,3,391.4
3,618.8,2,1,0,1,2,1,5.032631578999999,3,389.9
3,625.6,2,1,0,1,2,1,5.029166667,3,454.7
3,630.8,2,1,0,1,2,1,5.025773196,3,673.5
3,646.4,1,2,0,2,2,1,4.9989795919999995,3,374.8
3,647.2,1,2,0,2,2,1,5.016161616000001,3,661.8
3,652.8,0,3,0,2,2,2,4.978,3,57.5
3,655.6,0,3,0,2,2,2,5.016831683,3,724.8
3,657.8,1,2,0,1,2,2,5.002941176,3,386.0
3,666.5,1,2,0,1,2,2,5.087378641,3,755.5
3,670.1,2,1,0,1,1,2,5.092307691999999,3,719.2
3,677.0,2,1,0,1,1,2,5.096190476,3,715.1
3,678.6,2,1,0,1,1,2,5.059433962,3,205.2
3,696.8,2,1,0,1,1,2,5.079439252,3,738.1
3,696.8,2,1,0,1,1,2,5.0675925930000005,3,635.1
3,698.5,2,1,0,1,1,2,5.059633028,3,696.4
3,732.8,2,0,0,0,1,1,5.029090909,2,218.6
3,733.6,3,0,0,1,1,1,5.137837838,3,930.6
3,734.6,2,1,0,1,2,1,5.108928571,3,322.6
3,737.1,2,1,0,1,2,1,5.09380531,3,705.0
3,737.9,2,1,0,1,2,1,5.165789473999999,3,939.6
3,743.2,2,1,0,1,2,1,5.152173913,3,730.5
3,750.1,3,0,0,1,1,1,5.143965517,3,724.3
3,767.5,1,2,0,2,1,2,5.132478632,3,709.8
3,767.5,1,2,0,2,1,2,5.111016949,3,357.1
3,768.4,1,2,0,2,1,2,5.099159664,3,779.2
3,835.3,1,2,0,2,1,2,5.074166667,3,456.0
3,837.9,1,2,0,2,1,2,5.04214876,3,70.0
3,840.8,0,3,0,2,2,2,5.01557377,3,245.8
3,847.0,0,1,2,3,2,3,5.009756098,3,781.2
3,852.1,1,0,2,1,3,3,5.05483871,3,829.2
3,858.7,1,0,2,1,3,3,5.024,3,91.7
3,864.2,0,0,3,3,3,3,5.022222222,3,765.8
3,889.5,1,0,2,1,3,3,4.999212598,3,407.1
3,895.4,1,1,1,1,3,2,4.97421875,3,194.6
3,911.1,2,1,0,1,1,2,4.949612403,3,398.9
3,933.1,3,0,0,1,1,1,4.934615385,3,382.6
3,937.2,3,0,0,1,1,1,4.9381679389999995,3,694.7
3,940.6,3,0,0,1,1,1,4.916666667,3,414.1
3,942.7,3,0,0,1,1,1,4.909022556,3,689.8
3,952.2,2,0,1,1,3,1,4.899253731,3,691.6
3,954.4,2,1,0,2,1,1,4.891851852,3,695.8
3,956.7,2,1,0,2,1,1,4.888235293999999,3,734.1
3,961.4,1,2,0,2,2,1,4.9102189780000005,3,739.3
3,962.1,1,2,0,2,2,1,4.918115942,3,749.4
3,963.8,1,2,0,2,2,1,4.89352518,3,37.1
3,968.7,1,2,0,2,2,1,4.869285714,3,201.9
3,970.6,1,2,0,2,2,1,4.861702128,3,746.9
3,973.4,1,2,0,2,2,1,4.848591549,3,478.4
3,973.5,1,2,0,2,2,1,4.8307692310000006,3,404.5
3,988.5,1,2,0,2,2,1,4.858333333,3,729.6
3,989.4,1,2,0,2,2,1,4.846206897,3,647.9
3,993.3,1,2,0,2,2,1,4.8643835619999996,3,728.0
3,1008.1,1,2,0,1,2,2,4.91292517,3,718.8
3,1008.3,1,1,1,1,3,2,4.960810811,3,720.5
3,1009.5,1,0,2,1,3,3,4.93557047,3,289.2
3,1028.9,2,1,0,2,1,1,4.926666667,3,697.2
3,1037.8,1,2,0,2,1,2,4.950331126,3,701.1
3,1044.0,0,2,1,3,2,2,4.935526316,3,656.4
3,1047.2,0,2,1,3,2,2,4.923529412,3,682.5
3,1047.7,0,2,0,0,2,2,4.927922078,2,693.1
3,1053.8,1,2,0,1,2,2,4.912258065,3,424.8
3,1056.1,1,2,0,1,2,2,4.91025641,3,690.3
3,1056.3,1,2,0,1,2,2,4.923566879,3,690.7
3,1062.1,2,1,0,2,1,1,4.934177215,3,685.3
3,1065.2,2,1,0,2,1,1,4.933333333,3,685.8
3,1065.9,1,2,0,2,2,1,4.993125,3,736.3
3,1066.8,1,2,0,2,2,1,4.994409938,3,687.2
3,1080.4,0,2,1,3,2,2,4.983950617,3,687.2
3,1091.6,1,1,1,1,3,2,4.973619632,3,707.8
3,1094.9,2,1,0,1,1,2,5.015243902,3,717.5
3,1096.6,2,1,0,1,1,2,5.003636364,3,706.1
3,1106.3,1,2,0,1,2,2,4.996987952,3,699.5
3,1113.2,1,2,0,1,2,2,4.982634731,3,696.5
3,1120.7,1,2,0,1,2,2,4.964285714,3,405.4
3,1126.1,1,1,1,1,3,2,4.979881657,3,690.6
3,1138.4,1,2,0,2,1,2,4.957058824,3,211.8
3,1140.4,1,2,0,2,1,2,4.948538012,3,683.8
3,1156.6,2,1,0,1,1,2,4.927325581,3,279.1
3,1157.4,2,0,1,1,1,3,4.914450867,3,666.9
3,1174.8,3,0,0,1,1,1,4.934482759,3,652.2
3,1176.5,3,0,0,1,1,1,4.979428571000001,3,651.2
3,1177.6,3,0,0,1,1,1,5.051704545,3,657.8
3,1183.1,3,0,0,1,1,1,5.065536723,3,654.3
3,1186.6,3,0,0,1,1,1,5.056741573,3,653.9
3,1193.8,1,2,0,2,2,1,5.076536313,3,650.2
3,1195.7,1,2,0,2,2,1,5.111666667,3,649.2
3,1199.4,1,2,0,2,2,1,5.101657459,3,653.2
3,1202.8,1,2,0,2,2,1,5.0791208789999995,3,184.1
3,1203.9,1,2,0,2,2,1,5.096174863,3,649.2
3,1209.3,1,2,0,2,2,1,5.114130435,3,646.6
3,1210.1,1,2,0,2,2,1,5.130810811,3,651.2
3,1215.0,1,2,0,2,2,1,5.162903226,3,649.3
3,1218.3,2,1,0,1,2,1,5.147593583,3,535.7
3,1222.3,2,1,0,1,2,1,5.142553191,3,646.0
3,1224.5,2,1,0,1,2,1,5.134391534,3,645.0
3,1228.7,1,2,0,1,2,2,5.123157895,3,643.8
3,1230.3,1,2,0,1,2,2,5.103664921,3,250.8
3,1235.9,1,2,0,1,2,2,5.126041667,3,637.2
3,1236.5,1,2,0,1,2,2,5.130051813,3,638.9
3,1253.6,0,3,0,2,2,2,5.1659793810000005,3,621.9
3,1253.6,0,3,0,2,2,2,5.184102564,3,627.7
3,1255.8,0,3,0,2,2,2,5.217346939,3,626.7
3,1259.8,0,3,0,2,2,2,5.229949239,3,627.8
3,1273.4,0,3,0,2,2,2,5.213636364,3,374.0
3,1274.6,0,3,0,2,2,2,5.194472362,3,276.7
3,1276.8,0,3,0,2,2,2,5.1865,3,613.2
3,3.6,1,0,1,1,3,0,1.7,2,0.0
3,7.9,1,0,1,1,3,0,2.35,2,0.0
3,15.5,0,0,1,0,0,3,2.166666667,1,0.0
3,16.5,0,0,1,0,0,3,1.9,1,3.8
3,25.7,0,1,1,3,2,0,2.06,2,0.0
3,26.1,0,1,2,3,2,3,2.183333333,3,0.0
3,32.6,1,2,0,1,2,2,2.257142857,3,0.7
3,35.2,1,1,1,1,3,2,3.4875,3,1.1
3,44.2,1,0,1,1,0,3,3.233333333,2,4.2
3,69.2,3,0,0,1,1,1,3.05,3,23.5
3,69.6,3,0,0,1,1,1,2.9909090910000002,3,24.5
3,73.9,3,0,0,1,1,1,3.208333333,3,117.4
3,76.6,3,0,0,1,1,1,3.361538462,3,120.3
3,80.0,3,0,0,1,1,1,3.9214285710000003,3,119.8
3,82.0,3,0,0,1,1,1,3.9,3,120.1
3,82.1,3,0,0,1,1,1,3.8375,3,120.5
3,84.3,3,0,0,1,1,1,3.741176471,3,27.3
3,85.3,3,0,0,1,1,1,5.7,3,378.1
3,85.3,3,0,0,1,1,1,5.821052632000001,3,120.4
3,87.2,3,0,0,1,1,1,5.73,3,123.8
3,100.6,3,0,0,1,1,1,5.695238095,3,113.1
3,108.4,2,1,0,1,2,1,5.486363636,3,90.2
3,133.2,3,0,0,1,1,1,5.3,3,72.3
3,135.7,3,0,0,1,1,1,5.125,3,74.0
3,135.9,3,0,0,1,1,1,5.212000000000001,3,79.1
3,138.1,3,0,0,1,1,1,5.3307692310000006,3,326.9
3,140.2,3,0,0,1,1,1,5.251851852,3,78.5
3,152.4,3,0,0,1,1,1,5.171428571,3,69.9
3,159.6,3,0,0,1,1,1,5.075862068999999,3,160.3
3,163.4,3,0,0,1,1,1,5.096666667,3,333.8
3,168.8,2,1,0,1,2,1,5.083870968,3,196.7
3,170.0,2,1,0,1,2,1,5.090625,3,332.4
3,171.4,2,1,0,1,2,1,5.212121212,3,331.5
3,179.2,2,1,0,1,2,1,5.373529412000001,3,397.8
3,184.6,2,1,0,1,2,1,5.3142857139999995,3,303.2
3,187.3,1,2,0,2,2,1,5.319444444,3,360.7
3,190.9,0,3,0,2,2,2,5.202702703,3,19.9
3,204.9,0,0,3,3,3,3,5.1236842110000005,3,123.9
3,232.4,3,0,0,1,1,1,5.074358974,3,302.0
3,246.9,2,1,0,1,2,1,5.005,3,304.8
3,257.3,2,0,0,1,0,1,4.907317073,2,13.6
3,262.9,2,1,0,2,1,1,4.895238095,3,318.4
3,267.2,2,1,0,2,1,1,4.811627907,3,24.2
3,267.2,2,1,0,2,1,1,4.734090909,3,117.6
3,269.5,2,1,0,2,1,1,4.666666667,3,119.8
3,269.6,2,1,0,2,1,1,4.85,3,339.2
3,290.0,3,0,0,1,1,1,4.853191488999999,3,295.7
3,293.1,3,0,0,1,1,1,4.872916667,3,294.6
3,293.3,3,0,0,1,1,1,4.830612245,3,297.4
3,302.4,1,1,0,0,1,2,4.912,2,352.6
3,302.7,1,1,0,0,1,2,4.9117647060000005,2,319.2
3,303.4,2,1,0,1,1,2,4.846153846,3,227.9
3,314.8,2,1,0,1,2,1,4.877358491,3,359.5
3,316.9,1,2,0,2,2,1,5.064814815,3,376.6
3,329.1,2,0,1,1,3,1,4.990909091,3,63.3
3,344.8,3,0,0,1,1,1,4.9553571430000005,3,248.7
3,352.9,3,0,0,1,1,1,4.984210526,3,340.8
3,360.2,3,0,0,1,1,1,4.972413793,3,334.4
3,366.6,2,0,1,3,1,1,4.925423728999999,3,260.2
3,375.4,3,0,0,1,1,1,4.898333333,3,313.0
3,383.5,3,0,0,1,1,1,4.886885246,3,316.8
3,385.8,1,1,1,1,3,2,4.856451613,3,313.1
3,386.1,1,1,1,1,3,2,4.903174603,3,318.4
3,403.1,1,2,0,1,2,2,4.8546875,3,277.7
3,412.0,1,2,0,1,2,2,4.806153846,3,201.4
3,415.6,2,1,0,1,1,2,4.7909090910000005,3,292.9
3,416.9,1,2,0,1,2,2,4.7507462689999995,3,295.4
3,418.6,1,2,0,1,2,2,4.748529412,3,315.4
3,422.6,1,2,0,1,2,2,4.711594203,3,307.9
3,445.8,1,2,0,1,2,2,4.764285714,3,292.8
3,448.6,1,2,0,1,2,2,4.749295775,3,294.9
3,449.7,1,2,0,1,2,2,4.719444444,3,297.3
3,468.7,1,0,2,1,3,3,4.771232877,3,280.9
3,475.8,2,0,1,1,1,3,4.8689189189999995,3,350.4
3,485.2,1,1,1,1,2,3,4.874666667,3,272.9
3,491.0,1,0,2,1,3,3,4.865789474,3,263.9
3,499.2,1,0,2,1,3,3,4.82987013,3,215.2
3,499.4,1,0,2,1,3,3,4.884615385,3,273.2
3,513.6,2,1,0,1,1,2,4.840506329,3,82.4
3,524.2,2,1,0,1,1,2,4.8675,3,249.6
3,524.9,2,1,0,1,1,2,4.866666667,3,269.5
3,528.2,2,1,0,1,1,2,4.86097561,3,271.0
3,534.6,0,1,1,0,3,2,4.815662651,2,61.9
3,541.8,2,1,0,1,1,2,4.852380952,3,287.7
3,544.8,2,1,0,1,1,2,4.812941176,3,142.4
3,546.9,2,1,0,1,1,2,4.795348837,3,247.9
3,549.0,1,1,1,1,3,2,4.803448276,3,287.6
3,549.2,1,1,1,1,3,2,4.7647727269999995,3,183.5
3,570.7,2,1,0,1,1,2,4.749438201999999,3,273.7
3,576.7,1,2,0,2,1,2,4.741111111,3,268.7
3,609.6,0,2,1,2,2,3,4.708791209,3,137.6
3,612.0,0,2,1,2,2,3,4.7119565219999995,3,237.4
3,613.7,0,1,2,3,2,3,4.67311828,3,2.9
3,617.6,1,0,2,1,3,3,4.658510638,3,236.5
3,643.9,3,0,0,1,1,1,4.630526316,3,137.8
3,678.0,1,1,1,3,1,2,4.608333333,3,176.4
3,678.0,1,1,1,3,1,2,4.636082474,3,210.5
3,689.2,1,1,1,1,2,3,4.606122449,3,148.2
3,690.5,1,1,1,1,2,3,4.574747475,3,49.7
3,697.6,0,0,3,3,3,3,4.666,3,191.6
3,703.0,0,1,2,2,3,3,4.648514851,3,153.9
3,718.4,0,3,0,2,2,2,4.662745098,3,177.4
3,720.1,0,3,0,2,2,2,4.637864078,3,137.3
3,725.6,0,3,0,2,2,2,4.629807692,3,173.8
3,734.0,0,1,2,3,3,2,4.603809524,3,125.5
3,741.1,0,1,2,3,3,2,4.593396226,3,160.8
3,746.2,0,1,2,3,3,2,4.578504673,3,156.7
3,752.0,1,1,1,1,3,2,4.600925926,3,151.2
3,754.5,1,1,1,1,3,2,4.604587156,3,150.9
3,757.2,1,0,2,1,3,3,4.615454545,3,169.3
3,792.0,2,1,0,2,1,1,4.588288288,3,50.1
3,809.7,3,0,0,1,1,1,4.557142857,3,38.1
3,815.1,3,0,0,1,1,1,4.54159292,3,95.1
3,816.8,2,1,0,1,2,1,4.514035088,3,67.4
3,818.2,2,1,0,1,2,1,4.483478261,3,20.0
3,821.4,1,2,0,2,2,1,4.468103448,3,110.9
3,828.4,1,1,1,3,2,1,4.445299145,3,83.7
3,829.2,1,1,1,3,2,1,4.4466101689999995,3,105.8
3,838.8,0,0,3,3,3,3,4.442016807,3,96.2
3,857.8,0,1,2,3,3,2,4.505,3,120.2
3,860.0,1,1,1,1,3,2,4.482644628,3,79.6
3,861.8,1,1,0,1,0,2,4.487704918,2,80.8
3,862.5,1,2,0,1,2,2,4.464227642,3,50.5
3,864.3,1,2,0,1,2,2,4.436290323,3,21.3
3,864.6,1,2,0,1,2,2,4.4319999999999995,3,81.5
3,868.9,1,2,0,1,2,2,4.437301587,3,78.4
3,869.1,1,2,0,1,2,2,4.5015748030000005,3,111.1
3,869.2,1,2,0,1,2,2,4.4765625,3,36.7
3,873.7,1,2,0,1,2,2,4.459689922,3,74.0
3,874.8,1,2,0,1,2,2,4.458461538,3,75.2
3,875.5,0,3,0,2,2,2,4.432824427,3,34.9
3,875.9,0,3,0,2,2,2,4.4159090910000005,3,74.1
3,881.3,0,3,0,2,2,2,4.402255639,3,71.1
3,883.2,0,3,0,2,2,2,4.396268657,3,75.7
3,883.6,0,3,0,2,2,2,4.374814815,3,70.7
3,885.0,0,2,1,3,2,2,4.432352941,3,107.8
3,885.5,0,2,1,3,2,2,4.42919708,3,75.2
3,891.1,0,1,2,3,3,2,4.437681158999999,3,73.6
3,892.3,0,1,2,3,3,2,4.45971223,3,109.2
3,892.3,0,1,2,3,3,2,4.488571428999999,3,112.7
3,899.2,0,1,2,3,3,2,4.466666667,3,55.8
3,911.5,0,1,1,0,2,3,4.516197183,2,118.6
3,912.8,1,0,2,1,3,3,4.492307692,3,39.4
3,916.5,2,1,0,1,2,1,4.477777778,3,46.0
3,916.7,2,1,0,1,2,1,4.575172414,3,129.1
3,921.7,1,2,0,2,2,1,4.695890411000001,3,124.6
3,931.3,0,2,1,2,2,3,4.674829932,3,25.1
3,934.0,0,2,1,2,2,3,4.67027027,3,70.8
3,934.6,0,2,1,2,2,3,4.65033557,3,55.4
3,937.9,0,1,2,2,3,3,4.666,3,71.1
3,945.8,0,2,1,3,2,2,4.647019868,3,48.4
3,950.7,0,0,3,3,3,3,4.659210526,3,99.5
3,956.9,1,1,1,1,3,2,4.635294118,3,51.9
3,974.2,2,1,0,1,1,2,4.612987013,3,39.3
3,977.8,2,1,0,1,1,2,4.604516128999999,3,36.9
3,978.7,1,1,1,1,3,2,4.583333333,3,46.3
3,982.8,1,0,2,1,3,3,4.571974522,3,43.5
3,991.2,1,0,2,1,3,3,4.555063291000001,3,65.5
3,991.9,1,0,1,1,0,3,4.546540881,2,66.7
3,993.5,1,1,1,1,2,3,4.565625,3,68.3
3,995.2,1,0,2,1,3,3,4.545341615,3,69.2
3,998.7,1,1,1,1,2,3,4.539506173,3,67.0
3,1002.7,1,0,2,1,3,3,4.517791411,3,26.4
3,1011.1,1,0,2,1,3,3,4.519512195,3,57.4
3,1015.3,1,0,2,1,3,3,4.536363636,3,54.1
3,1015.3,1,0,2,1,3,3,4.5222891569999994,3,58.0
3,1020.3,1,2,0,1,2,2,4.528742515,3,55.2
3,1022.9,1,2,0,1,2,2,4.558333333,3,75.1
3,1028.0,1,1,1,1,3,2,4.53964497,3,41.3
3,1030.0,1,1,1,1,3,2,4.527058824,3,46.7
3,1040.8,1,1,1,1,2,3,4.507602339,3,38.3
3,1050.5,0,0,3,3,3,3,4.506976744,3,29.8
3,1066.7,0,0,3,3,3,3,4.49132948,3,14.4
3,1069.1,0,0,3,3,3,3,4.475862069,3,13.8
3,1070.1,0,0,3,3,3,3,4.478857143,3,17.9
3,1071.7,1,0,2,1,3,3,4.460795455,3,13.0
3,1073.7,1,0,2,1,3,3,4.468926553999999,3,26.1
3,1089.5,2,0,1,1,1,3,4.48988764,3,11.4
3,1094.0,0,2,0,2,2,0,4.487709497,2,15.1
3,1095.1,0,2,0,2,2,0,4.499444444,2,18.1
3,1096.2,0,3,0,2,2,2,4.618232044,3,1025.2
3,1103.0,0,0,3,3,3,3,4.608791209,3,4.5
3,1112.1,0,2,1,2,2,3,4.597814208,3,2.8
3,1126.6,3,0,0,1,1,1,4.5869565219999995,3,125.5
3,1129.1,3,0,0,1,1,1,4.575675676,3,409.5
3,1133.2,3,0,0,1,1,1,4.559677419,3,84.7
3,1166.5,3,0,0,1,1,1,4.610695187,3,956.2
3,1172.6,3,0,0,1,1,1,4.599468085,3,806.1
3,1178.3,3,0,0,1,1,1,4.592063492,3,802.9
3,1180.0,3,0,0,1,1,1,4.580526316,3,284.4
3,1181.3,3,0,0,1,1,1,4.563874346,3,47.4
3,1184.9,3,0,0,1,1,1,4.572395833,3,877.2
3,1198.5,3,0,0,1,1,1,4.609326425,3,938.3
3,1202.1,3,0,0,1,1,1,4.61443299,3,933.8
3,1204.3,3,0,0,1,1,1,4.600512821000001,3,283.6
3,1210.2,3,0,0,1,1,1,4.5959183669999994,3,937.2
3,1221.0,2,1,0,1,2,1,4.594416244,3,927.5
3,1230.2,2,0,0,1,0,1,4.612121212,2,920.9
3,1230.2,2,0,0,1,0,1,4.620603015,2,922.6
3,1235.3,3,0,0,1,1,1,4.61,3,923.8
3,0.3,0,0,1,3,0,0,1.8,1,0.0
3,32.2,2,0,0,1,1,0,1.8,2,88.7
3,44.6,3,0,0,1,1,1,1.7,3,68.8
3,46.5,3,0,0,1,1,1,3.95,3,361.5
3,47.7,3,0,0,1,1,1,3.68,3,324.8
3,51.2,3,0,0,1,1,1,3.683333333,3,357.1
3,55.8,3,0,0,1,1,1,3.9142857139999996,3,374.7
3,56.2,3,0,0,1,1,1,3.8125,3,353.8
3,58.2,3,0,0,1,1,1,3.955555556,3,388.3
3,60.6,3,0,0,1,1,1,4.29,3,391.0
3,62.6,3,0,0,1,1,1,4.472727273,3,389.5
3,63.5,3,0,0,1,1,1,4.95,3,394.9
3,63.7,3,0,0,1,1,1,5.223076923,3,437.3
3,63.8,3,0,0,1,1,1,5.242857143,3,495.5
3,64.3,3,0,0,1,1,1,5.093333333,3,394.6
3,73.1,3,0,0,1,1,1,5.3,3,488.7
3,92.9,2,0,0,0,1,1,5.694117647000001,2,561.1
3,94.2,3,0,0,1,1,1,6.511111111,3,571.8
3,106.2,2,1,0,1,1,2,6.273684211,3,248.1
3,129.6,3,0,0,1,1,1,6.085,3,313.9
3,131.4,3,0,0,1,1,1,6.242857142999999,3,523.7
3,135.7,3,0,0,1,1,1,6.063636364,3,222.1
3,143.4,3,0,0,1,1,1,6.1565217389999995,3,523.0
3,147.2,3,0,0,1,1,1,6.291666667,3,519.7
3,148.3,3,0,0,1,1,1,6.14,3,320.3
3,151.3,3,0,0,1,1,1,6.238461537999999,3,525.0
3,157.3,3,0,0,1,1,1,6.466666667,3,568.6
3,161.5,3,0,0,1,1,1,6.5571428570000005,3,654.1
3,173.4,3,0,0,1,1,1,6.944827586000001,3,806.0
3,183.4,2,1,0,1,2,1,6.966666667,3,554.9
3,194.4,2,1,0,1,1,2,7.112903226,3,791.6
3,203.8,1,2,0,2,1,2,7.328125,3,786.7
3,204.2,1,2,0,2,1,2,7.278787878999999,3,360.6
3,207.3,1,2,0,2,1,2,7.170588235,3,276.0
3,208.6,1,2,0,2,1,2,7.1,3,476.4
3,215.2,1,2,0,2,1,2,6.930555556,3,9.2
3,227.6,3,0,0,1,1,1,6.856756757,3,265.5
3,229.7,3,0,0,1,1,1,6.9,3,738.8
3,230.6,3,0,0,1,1,1,6.774358974,3,339.6
3,237.8,3,0,0,1,1,1,6.6575,3,358.5
3,249.8,3,0,0,1,1,1,6.756097561,3,747.4
3,249.8,3,0,0,1,1,1,6.69047619,3,399.1
3,250.0,3,0,0,1,1,1,6.6720930229999995,3,498.2
3,263.0,2,0,0,1,1,0,6.622727273,2,479.4
3,263.5,3,0,0,1,1,1,6.5711111110000004,3,476.1
3,269.4,2,0,0,1,0,1,6.460869565,2,142.6
3,279.9,0,3,0,2,2,2,6.372340426,3,318.0
3,293.8,1,2,0,1,2,2,6.6125,3,703.7
3,303.2,1,2,0,1,2,2,6.8,3,704.7
3,307.4,0,3,0,2,2,2,6.797999999999999,3,697.1
3,324.8,0,3,0,2,2,2,6.723529412,3,298.2
3,328.3,0,3,0,2,2,2,6.619230769,3,90.4
3,353.0,0,3,0,2,2,2,6.594339623,3,430.2
3,358.5,1,1,1,1,3,2,6.55,3,460.4
3,366.2,1,2,0,2,1,2,6.616363636,3,648.5
3,366.6,1,2,0,2,1,2,6.539285714,3,231.8
3,374.9,1,1,1,3,1,2,6.464912281,3,299.7
3,380.8,1,2,0,1,2,2,6.386206897,3,319.3
3,383.6,1,2,0,1,2,2,6.298305085,3,94.3
3,390.3,1,2,0,1,2,2,6.411666667,3,661.7
3,404.2,1,2,0,1,2,2,6.336065574,3,318.3
3,420.5,2,1,0,1,1,2,6.298387097000001,3,594.9
3,428.8,2,1,0,1,1,2,6.295238095,3,642.5
3,430.1,2,1,0,1,1,2,6.40625,3,647.3
3,433.3,1,1,1,3,1,2,6.336923077000001,3,292.0
3,444.3,1,1,1,1,3,2,6.262121212,3,42.6
3,444.4,1,1,1,1,3,2,6.198507462999999,3,281.0
3,450.1,2,0,1,1,1,3,6.132352941000001,3,304.0
3,451.3,2,0,1,1,1,3,6.11884058,3,636.3
3,455.6,1,0,2,3,1,3,6.14,3,635.2
3,481.3,2,1,0,1,1,2,6.121126761,3,595.2
3,516.2,3,0,0,1,1,1,6.125,3,582.2
3,517.8,3,0,0,1,1,1,6.264383562000001,3,601.4
3,523.4,3,0,0,1,1,1,6.2594594589999994,3,581.4
3,532.0,1,2,0,2,2,1,6.265333332999999,3,594.9
3,533.0,1,2,0,2,2,1,6.278947368,3,600.6
3,535.9,1,2,0,2,2,1,6.264935065,3,599.6
3,544.6,1,2,0,2,2,1,6.228205128,3,237.4
3,547.6,2,1,0,1,2,1,6.267088608,3,593.1
3,556.9,2,1,0,1,2,1,6.2825,3,584.0
3,569.1,1,0,2,3,3,1,6.251851852000001,3,450.3
3,576.0,2,1,0,1,2,1,6.230487805,3,534.7
3,580.3,2,1,0,1,2,1,6.181927711,3,206.4
3,580.8,2,1,0,1,2,1,6.177380952,3,567.6
3,582.8,2,1,0,1,2,1,6.125882353,3,241.8
3,596.1,2,1,0,1,2,1,6.069767442000001,3,4.1
3,637.0,1,2,0,1,2,2,6.022988506,3,263.6
3,651.4,0,2,1,3,2,2,6.014772727,3,502.8
3,652.0,0,2,1,3,2,2,5.973033707999999,3,309.8
3,654.7,1,1,1,1,2,3,6.067777778,3,548.3
3,669.9,0,0,3,3,3,3,6.032967032999999,3,372.8
3,670.1,0,0,3,3,3,3,6.072826087,3,513.9
3,684.9,1,0,2,1,3,3,6.146236559,3,515.3
3,689.8,1,1,0,1,0,2,6.213829787000001,2,530.5
3,696.9,1,2,0,1,2,2,6.311578947,3,531.5
3,702.1,1,1,0,1,0,2,6.2572916670000005,2,25.1
3,721.9,1,2,0,1,2,2,6.228865979,3,328.5
3,729.6,1,1,1,1,2,3,6.186734694,3,240.2
3,738.9,1,1,1,1,2,3,6.155555556,3,341.5
3,748.7,2,0,1,1,1,3,6.1160000000000005,3,278.7
3,749.0,2,0,1,1,1,3,6.10990099,3,414.7
3,772.9,2,1,0,2,1,1,6.065686275,3,263.9
3,773.5,2,1,0,2,1,1,6.04368932,3,391.6
3,780.4,1,2,0,2,2,1,6.077884615,3,463.5
3,783.2,1,0,2,3,3,1,6.037142857,3,281.9
3,783.5,1,0,2,3,3,1,6.0047169810000005,3,319.1
3,800.0,2,1,0,1,1,2,5.993457944,3,368.9
3,802.6,2,1,0,1,1,2,5.9592592589999995,3,285.6
3,808.7,2,1,0,1,1,2,5.944954127999999,3,392.3
3,824.0,2,0,1,1,1,3,6.004545455,3,465.9
3,828.9,3,0,0,1,1,1,5.9783783779999995,3,337.2
3,834.3,2,1,0,2,1,1,5.976785714,3,378.2
3,835.2,2,1,0,2,1,1,5.963716814,3,392.2
3,838.1,2,1,0,2,1,1,5.938596491,3,367.3
3,847.0,2,1,0,2,1,1,5.9356521739999994,3,393.3
3,849.9,2,1,0,2,1,1,5.95862069,3,458.7
3,852.9,3,0,0,1,1,1,5.916239316,3,34.3
3,853.6,3,0,0,1,1,1,5.95,3,463.6
3,854.4,3,0,0,1,1,1,5.944537815,3,399.1
3,862.0,2,1,0,1,2,1,6.011666667,3,546.1
3,867.9,2,0,0,1,0,1,5.972727272999999,2,53.8
3,869.4,2,1,0,2,1,1,5.963934426000001,3,406.8
3,869.9,2,1,0,2,1,1,5.923577236,3,141.3
3,870.9,2,1,0,2,1,1,5.903225806,3,375.0
3,875.7,2,1,0,2,1,1,5.8816,3,418.9
3,879.4,2,1,0,2,1,1,5.895238095,3,485.8
3,879.9,2,1,0,2,1,1,5.904724409,3,497.8
3,892.4,2,1,0,1,1,2,5.88828125,3,405.0
3,899.2,2,1,0,1,1,2,5.896899225,3,522.9
3,908.6,3,0,0,1,1,1,5.860769231,3,129.8
3,909.9,3,0,0,1,1,1,5.86259542,3,392.5
3,928.4,2,1,0,1,2,1,5.826515152000001,3,96.5
3,937.2,1,2,0,2,2,1,5.796240602,3,212.8
3,941.3,1,2,0,2,2,1,5.791791045,3,482.6
3,944.6,1,2,0,2,2,1,5.86962963,3,503.3
3,950.8,1,2,0,2,2,1,5.865441176,3,478.3
3,960.2,0,3,0,2,2,2,5.857664234,3,468.9
3,966.3,1,2,0,1,2,2,5.89057971,3,580.4
3,973.0,2,0,1,1,1,3,5.856115107999999,3,92.7
3,989.3,1,0,2,1,3,3,5.868571429,3,472.3
3,1003.5,0,0,3,3,3,3,5.885106382999999,3,475.9
3,1006.9,0,0,3,3,3,3,5.86971831,3,377.9
3,1009.8,0,0,3,3,3,3,5.854545455,3,424.1
3,1011.0,0,0,3,3,3,3,5.902777778,3,656.8
3,1015.8,0,0,3,3,3,3,5.896551724,3,428.0
3,1024.0,0,2,1,3,2,2,5.87739726,3,273.8
3,1036.4,1,2,0,1,2,2,5.844217687,3,47.1
3,1057.5,1,1,1,1,3,2,5.8337837839999995,3,376.9
3,1067.9,1,2,0,1,2,2,5.810738255,3,101.3
3,1074.9,1,1,1,1,2,3,5.888,3,593.7
3,1078.8,0,1,2,3,2,3,5.9052980129999995,3,548.1
3,1082.7,0,1,2,2,3,3,5.875657895,3,76.8
3,1084.4,0,1,2,2,3,3,5.923529412000001,3,591.9
3,1088.0,0,1,2,2,3,3,5.983116882999999,3,598.0
3,1103.4,1,0,2,1,3,3,5.96516129,3,268.7
3,1106.5,2,0,1,1,1,3,5.960897436000001,3,357.7
3,1124.9,2,0,1,3,1,1,5.967515924,3,414.3
3,1131.9,1,0,2,3,1,3,5.938607595,3,46.3
3,1140.6,1,0,2,3,1,3,5.916981132,3,91.3
3,1142.6,1,0,2,3,1,3,5.910625,3,338.2
3,1161.5,1,1,0,2,1,0,5.902484472,2,395.6
3,1163.4,1,2,0,2,1,2,5.911111111,3,503.5
3,1173.3,2,0,1,1,1,3,5.91595092,3,453.8
3,1183.5,2,1,0,1,2,1,5.888414634,3,10.2
3,1214.4,0,1,2,3,2,3,5.860606061,3,18.4
3,1228.5,0,0,3,3,3,3,5.836746988,3,30.3
3,1239.4,0,2,1,2,2,3,5.841317365,3,461.7
3,1250.1,1,1,1,1,2,3,5.825,3,122.7
3,1250.7,1,1,1,1,2,3,5.834319527000001,3,456.6
3,1259.6,1,1,1,1,2,3,5.854117647000001,3,448.1
3,1275.9,1,2,0,1,2,2,5.833918129,3,255.4
3,1277.6,0,2,1,3,2,2,5.80755814,3,56.8
3,1280.4,0,2,1,3,2,2,5.786127167999999,3,157.2
3,1283.8,0,3,0,2,2,2,5.762643678,3,165.0
3,1291.2,0,2,1,2,2,3,5.769142857,3,423.5
3,1293.7,0,2,1,2,2,3,5.7630681820000005,3,423.2
3,1303.8,0,2,1,2,2,3,5.755367232,3,390.7
3,1312.0,0,2,1,3,2,2,5.729775281,3,34.2
3,1319.2,0,2,1,3,2,2,5.753072626,3,402.4
3,1329.9,1,2,0,1,2,2,5.740555556,3,224.0
3,1332.6,1,2,0,1,2,2,5.724861878,3,236.1
3,1334.7,1,1,1,1,3,2,5.726373626,3,386.9
3,1366.9,1,1,1,2,3,1,5.735519126,3,360.7
3,1374.1,1,0,2,3,3,1,5.728804348,3,357.4
3,1384.0,1,1,1,3,1,2,5.724864865,3,351.0
3,1384.5,0,2,1,3,2,2,5.738172043,3,354.9
3,1386.3,0,2,1,3,2,2,5.714973262000001,3,83.2
3,1393.0,1,2,0,1,2,2,5.706914894,3,316.5
3,1395.6,1,2,0,1,2,2,5.69047619,3,226.3
3,1398.1,1,2,0,1,2,2,5.698421053,3,341.9
3,1401.7,1,2,0,1,2,2,5.689528796,3,345.5
3,1401.9,1,2,0,1,2,2,5.7270833329999995,3,367.3
3,1403.6,1,2,0,1,2,2,5.7170984460000005,3,347.6
3,1407.9,1,2,0,1,2,2,5.719587628999999,3,368.8
3,1424.4,1,0,2,1,3,3,5.703076922999999,3,211.0
3,1425.2,1,0,2,1,3,3,5.684693877999999,3,255.4
3,1434.6,1,0,2,1,3,3,5.679695431,3,320.4
3,1439.9,2,1,0,1,1,2,5.667676768,3,342.2
3,1447.6,1,1,1,1,3,2,5.650251256000001,3,241.9
3,1449.5,1,0,2,1,3,3,5.6365,3,333.4
